FILE,BEAM,TARGET_NAME,TARGET_TYPE,FIXED-MOVING,RA,DEC,UT_DATE,UT_TIME,MJD,AIRMASS,INTEGRATION,COADDS,INSTRUMENT,SLIT,MODE,PROGRAM,OBSERVER,SIMBAD_NAME,SIMBAD_TYPE,SIMBAD_CLASS,SIMBAD_BMAG,SIMBAD_VMAG,SIMBAD_GMAG,SIMBAD_JMAG,SIMBAD_HMAG,SIMBAD_KMAG,NOTES
spec0001.a.fits,A,44 Nysa,target,moving,+19:44:04.92,-21:29:49.9,2001/9/28,06:47.6,52180.21305,1.345,30,1,spex,0.5x15,Prism,2001B072,Kelley,,,,,,,,,,
spec0002.b.fits,B,44 Nysa,target,moving,+19:44:04.92,-21:29:42.7,2001/9/28,07:40.5,52180.21366,1.344,30,1,spex,0.5x15,Prism,2001B072,Kelley,,,,,,,,,,
spec0003.a.fits,A,44 Nysa,target,moving,+19:44:05.05,-21:29:50.7,2001/9/28,10:52.7,52180.21589,1.342,30,1,spex,0.5x15,Prism,2001B072,Kelley,,,,,,,,,,
spec0004.b.fits,B,44 Nysa,target,moving,+19:44:05.05,-21:29:43.3,2001/9/28,11:45.6,52180.2165,1.341,30,1,spex,0.5x15,Prism,2001B072,Kelley,,,,,,,,,,
spec0005.b.fits,B,44 Nysa,target,moving,+19:44:05.09,-21:29:43.5,2001/9/28,12:33.4,52180.21705,1.341,30,1,spex,0.5x15,Prism,2001B072,Kelley,,,,,,,,,,
spec0006.a.fits,A,44 Nysa,target,moving,+19:44:05.11,-21:29:51.1,2001/9/28,13:26.3,52180.21767,1.34,30,1,spex,0.5x15,Prism,2001B072,Kelley,,,,,,,,,,
spec0007.a.fits,A,44 Nysa,target,moving,+19:44:05.14,-21:29:51.2,2001/9/28,14:14.2,52180.21822,1.339,30,1,spex,0.5x15,Prism,2001B072,Kelley,,,,,,,,,,
spec0008.b.fits,B,44 Nysa,target,moving,+19:44:05.16,-21:29:43.9,2001/9/28,15:07.1,52180.21883,1.339,30,1,spex,0.5x15,Prism,2001B072,Kelley,,,,,,,,,,
spec0009.b.fits,B,44 Nysa,target,moving,+19:44:05.18,-21:29:44.1,2001/9/28,15:55.0,52180.21939,1.338,30,1,spex,0.5x15,Prism,2001B072,Kelley,,,,,,,,,,
spec0010.a.fits,A,44 Nysa,target,moving,+19:44:05.22,-21:29:51.7,2001/9/28,16:47.9,52180.22,1.338,30,1,spex,0.5x15,Prism,2001B072,Kelley,,,,,,,,,,
spec0011.a.fits,A,44 Nysa,target,moving,+19:44:05.23,-21:29:51.6,2001/9/28,17:35.7,52180.22055,1.337,30,1,spex,0.5x15,Prism,2001B072,Kelley,,,,,,,,,,
spec0012.b.fits,B,44 Nysa,target,moving,+19:44:05.24,-21:29:44.3,2001/9/28,18:28.6,52180.22116,1.337,30,1,spex,0.5x15,Prism,2001B072,Kelley,,,,,,,,,,
spec0013.a.fits,A,44 Nysa,target,moving,+19:44:05.28,-21:29:52.2,2001/9/28,20:03.4,52180.22226,1.336,30,1,spex,0.5x15,Prism,2001B072,Kelley,,,,,,,,,,
spec0014.b.fits,B,44 Nysa,target,moving,+19:44:05.30,-21:29:44.9,2001/9/28,20:56.3,52180.22287,1.335,30,1,spex,0.5x15,Prism,2001B072,Kelley,,,,,,,,,,
spec0015.b.fits,B,44 Nysa,target,moving,+19:44:05.31,-21:29:45.1,2001/9/28,21:44.1,52180.22343,1.335,30,1,spex,0.5x15,Prism,2001B072,Kelley,,,,,,,,,,
spec0016.a.fits,A,44 Nysa,target,moving,+19:44:05.34,-21:29:52.5,2001/9/28,22:36.9,52180.22404,1.335,30,1,spex,0.5x15,Prism,2001B072,Kelley,,,,,,,,,,
spec0017.a.fits,A,44 Nysa,target,moving,+19:44:05.37,-21:29:52.6,2001/9/28,23:24.9,52180.22459,1.334,30,1,spex,0.5x15,Prism,2001B072,Kelley,,,,,,,,,,
spec0018.b.fits,B,44 Nysa,target,moving,+19:44:05.38,-21:29:45.3,2001/9/28,24:17.8,52180.22521,1.334,30,1,spex,0.5x15,Prism,2001B072,Kelley,,,,,,,,,,
spec0019.b.fits,B,44 Nysa,target,moving,+19:44:05.39,-21:29:45.4,2001/9/28,25:07.0,52180.22578,1.334,30,1,spex,0.5x15,Prism,2001B072,Kelley,,,,,,,,,,
spec0020.a.fits,A,44 Nysa,target,moving,+19:44:05.43,-21:29:52.8,2001/9/28,26:00.0,52180.22639,1.333,30,1,spex,0.5x15,Prism,2001B072,Kelley,,,,,,,,,,
spec0021.a.fits,A,44 Nysa,target,moving,+19:44:05.44,-21:29:52.9,2001/9/28,26:47.7,52180.22694,1.333,30,1,spex,0.5x15,Prism,2001B072,Kelley,,,,,,,,,,
spec0022.b.fits,B,44 Nysa,target,moving,+19:44:05.45,-21:29:45.5,2001/9/28,27:40.6,52180.22755,1.333,30,1,spex,0.5x15,Prism,2001B072,Kelley,,,,,,,,,,
spec0023.b.fits,B,44 Nysa,target,moving,+19:44:05.47,-21:29:45.6,2001/9/28,28:28.4,52180.22811,1.333,30,1,spex,0.5x15,Prism,2001B072,Kelley,,,,,,,,,,
spec0024.a.fits,A,44 Nysa,target,moving,+19:44:05.49,-21:29:53.1,2001/9/28,29:21.2,52180.22872,1.332,30,1,spex,0.5x15,Prism,2001B072,Kelley,,,,,,,,,,
spec0025.a.fits,A,44 Nysa,target,moving,+19:44:05.53,-21:29:53.2,2001/9/28,30:28.6,52180.2295,1.332,30,1,spex,0.5x15,Prism,2001B072,Kelley,,,,,,,,,,
spec0026.b.fits,B,44 Nysa,target,moving,+19:44:05.52,-21:29:45.8,2001/9/28,31:21.4,52180.23011,1.332,30,1,spex,0.5x15,Prism,2001B072,Kelley,,,,,,,,,,
spec0027.b.fits,B,44 Nysa,target,moving,+19:44:05.55,-21:29:45.8,2001/9/28,32:09.3,52180.23066,1.332,30,1,spex,0.5x15,Prism,2001B072,Kelley,,,,,,,,,,
spec0028.a.fits,A,44 Nysa,target,moving,+19:44:05.58,-21:29:53.5,2001/9/28,33:02.2,52180.23128,1.332,30,1,spex,0.5x15,Prism,2001B072,Kelley,,,,,,,,,,
spec0029.a.fits,A,44 Nysa,target,moving,+19:44:05.60,-21:29:53.5,2001/9/28,33:50.1,52180.23183,1.332,30,1,spex,0.5x15,Prism,2001B072,Kelley,,,,,,,,,,
spec0030.b.fits,B,44 Nysa,target,moving,+19:44:05.61,-21:29:46.3,2001/9/28,34:43.0,52180.23244,1.332,30,1,spex,0.5x15,Prism,2001B072,Kelley,,,,,,,,,,
spec0031.a.fits,A,170 Maria,target,moving,+19:40:22.73,-17:15:45.2,2001/9/28,38:09.3,52180.23483,1.254,60,1,spex,0.5x15,Prism,2001B072,Kelley,,,,,,,,,,
spec0032.b.fits,B,170 Maria,target,moving,+19:40:22.74,-17:15:37.6,2001/9/28,39:32.1,52180.23579,1.254,60,1,spex,0.5x15,Prism,2001B072,Kelley,,,,,,,,,,
spec0033.a.fits,A,170 Maria,target,moving,+19:40:23.03,-17:15:43.5,2001/9/28,56:52.6,52180.24783,1.262,120,1,spex,0.5x15,Prism,2001B072,Kelley,,,,,,,,,,
spec0034.b.fits,B,170 Maria,target,moving,+19:40:23.04,-17:15:35.8,2001/9/28,59:15.5,52180.24948,1.264,120,1,spex,0.5x15,Prism,2001B072,Kelley,,,,,,,,,,
spec0035.b.fits,B,170 Maria,target,moving,+19:40:23.07,-17:15:35.5,2001/9/28,01:33.2,52180.25108,1.265,120,1,spex,0.5x15,Prism,2001B072,Kelley,,,,,,,,,,
spec0036.a.fits,A,170 Maria,target,moving,+19:40:23.14,-17:15:42.7,2001/9/28,03:56.1,52180.25273,1.267,120,1,spex,0.5x15,Prism,2001B072,Kelley,,,,,,,,,,
spec0037.a.fits,A,170 Maria,target,moving,+19:40:23.18,-17:15:42.6,2001/9/28,06:13.9,52180.25433,1.27,120,1,spex,0.5x15,Prism,2001B072,Kelley,,,,,,,,,,
spec0038.b.fits,B,170 Maria,target,moving,+19:40:23.20,-17:15:34.9,2001/9/28,08:36.7,52180.25598,1.272,120,1,spex,0.5x15,Prism,2001B072,Kelley,,,,,,,,,,
spec0039.b.fits,B,170 Maria,target,moving,+19:40:23.24,-17:15:34.5,2001/9/28,10:54.5,52180.25758,1.274,120,1,spex,0.5x15,Prism,2001B072,Kelley,,,,,,,,,,
spec0040.a.fits,A,170 Maria,target,moving,+19:40:23.29,-17:15:41.8,2001/9/28,13:17.4,52180.25923,1.277,120,1,spex,0.5x15,Prism,2001B072,Kelley,,,,,,,,,,
spec0041.a.fits,A,170 Maria,target,moving,+19:40:23.32,-17:15:41.6,2001/9/28,15:35.2,52180.26082,1.28,120,1,spex,0.5x15,Prism,2001B072,Kelley,,,,,,,,,,
spec0042.b.fits,B,170 Maria,target,moving,+19:40:23.36,-17:15:33.8,2001/9/28,17:58.2,52180.26248,1.283,120,1,spex,0.5x15,Prism,2001B072,Kelley,,,,,,,,,,
spec0043.b.fits,B,170 Maria,target,moving,+19:40:23.39,-17:15:33.5,2001/9/28,20:16.1,52180.26407,1.286,120,1,spex,0.5x15,Prism,2001B072,Kelley,,,,,,,,,,
spec0044.a.fits,A,170 Maria,target,moving,+19:40:23.46,-17:15:40.7,2001/9/28,22:39.0,52180.26573,1.289,120,1,spex,0.5x15,Prism,2001B072,Kelley,,,,,,,,,,
spec0045.a.fits,A,SAO143111,standard,fixed,+19:11:10.19,-02:38:23.4,2001/9/28,32:44.5,52180.27274,1.168,1,1,spex,0.5x15,Prism,2001B072,Kelley,HD 179079,G5IV,HighPM*,8.66,7.96,7.787227,6.734,6.402,6.311,
spec0046.b.fits,B,SAO143111,standard,fixed,+19:11:10.18,-02:38:15.8,2001/9/28,32:52.4,52180.27283,1.169,1,1,spex,0.5x15,Prism,2001B072,Kelley,HD 179079,G5IV,HighPM*,8.66,7.96,7.787227,6.734,6.402,6.311,
spec0047.a.fits,A,SAO143111,standard,fixed,+19:11:10.20,-02:38:23.5,2001/9/28,34:43.9,52180.27412,1.173,1,1,spex,0.5x15,Prism,2001B072,Kelley,HD 179079,G5IV,HighPM*,8.66,7.96,7.787227,6.734,6.402,6.311,
spec0048.b.fits,B,SAO143111,standard,fixed,+19:11:10.19,-02:38:16.0,2001/9/28,34:51.6,52180.27421,1.173,1,1,spex,0.5x15,Prism,2001B072,Kelley,HD 179079,G5IV,HighPM*,8.66,7.96,7.787227,6.734,6.402,6.311,
spec0049.b.fits,B,SAO143111,standard,fixed,+19:11:10.19,-02:38:16.0,2001/9/28,34:55.8,52180.27426,1.173,1,1,spex,0.5x15,Prism,2001B072,Kelley,HD 179079,G5IV,HighPM*,8.66,7.96,7.787227,6.734,6.402,6.311,
spec0050.a.fits,A,SAO143111,standard,fixed,+19:11:10.20,-02:38:23.6,2001/9/28,35:03.3,52180.27434,1.174,1,1,spex,0.5x15,Prism,2001B072,Kelley,HD 179079,G5IV,HighPM*,8.66,7.96,7.787227,6.734,6.402,6.311,
spec0051.a.fits,A,SAO143111,standard,fixed,+19:11:10.21,-02:38:23.5,2001/9/28,35:05.7,52180.27437,1.174,1,1,spex,0.5x15,Prism,2001B072,Kelley,HD 179079,G5IV,HighPM*,8.66,7.96,7.787227,6.734,6.402,6.311,
spec0052.b.fits,B,SAO143111,standard,fixed,+19:11:10.19,-02:38:15.9,2001/9/28,35:13.2,52180.27446,1.174,1,1,spex,0.5x15,Prism,2001B072,Kelley,HD 179079,G5IV,HighPM*,8.66,7.96,7.787227,6.734,6.402,6.311,
spec0053.b.fits,B,SAO143111,standard,fixed,+19:11:10.19,-02:38:15.9,2001/9/28,35:15.7,52180.27449,1.174,1,1,spex,0.5x15,Prism,2001B072,Kelley,HD 179079,G5IV,HighPM*,8.66,7.96,7.787227,6.734,6.402,6.311,
spec0054.a.fits,A,SAO143111,standard,fixed,+19:11:10.21,-02:38:23.4,2001/9/28,35:23.2,52180.27457,1.174,1,1,spex,0.5x15,Prism,2001B072,Kelley,HD 179079,G5IV,HighPM*,8.66,7.96,7.787227,6.734,6.402,6.311,
spec0055.a.fits,A,SAO143111,standard,fixed,+19:11:10.20,-02:38:23.5,2001/9/28,35:25.8,52180.2746,1.174,1,1,spex,0.5x15,Prism,2001B072,Kelley,HD 179079,G5IV,HighPM*,8.66,7.96,7.787227,6.734,6.402,6.311,
spec0056.b.fits,B,SAO143111,standard,fixed,+19:11:10.20,-02:38:16.1,2001/9/28,35:33.5,52180.27469,1.175,1,1,spex,0.5x15,Prism,2001B072,Kelley,HD 179079,G5IV,HighPM*,8.66,7.96,7.787227,6.734,6.402,6.311,
spec0057.a.fits,A,SAO164082,standard,fixed,+21:02:34.24,-15:28:30.1,2001/9/28,38:48.0,52180.27694,1.229,0.5135,1,spex,0.5x15,Prism,2001B072,Kelley,HD 200213,K0III,HighPM*,8.69,7.79,7.561431,6.186,5.718,5.662,
spec0058.b.fits,B,SAO164082,standard,fixed,+21:02:34.23,-15:28:22.6,2001/9/28,38:55.0,52180.27703,1.229,0.5135,1,spex,0.5x15,Prism,2001B072,Kelley,HD 200213,K0III,HighPM*,8.69,7.79,7.561431,6.186,5.718,5.662,
spec0059.b.fits,B,SAO164082,standard,fixed,+21:02:34.22,-15:28:22.6,2001/9/28,38:57.0,52180.27705,1.229,0.5135,1,spex,0.5x15,Prism,2001B072,Kelley,HD 200213,K0III,HighPM*,8.69,7.79,7.561431,6.186,5.718,5.662,
spec0060.a.fits,A,SAO164082,standard,fixed,+21:02:34.25,-15:28:30.0,2001/9/28,39:04.0,52180.27713,1.229,0.5135,1,spex,0.5x15,Prism,2001B072,Kelley,HD 200213,K0III,HighPM*,8.69,7.79,7.561431,6.186,5.718,5.662,
spec0061.a.fits,A,SAO164082,standard,fixed,+21:02:34.26,-15:28:30.0,2001/9/28,39:05.9,52180.27715,1.229,0.5135,1,spex,0.5x15,Prism,2001B072,Kelley,HD 200213,K0III,HighPM*,8.69,7.79,7.561431,6.186,5.718,5.662,
spec0062.b.fits,B,SAO164082,standard,fixed,+21:02:34.23,-15:28:22.7,2001/9/28,39:13.1,52180.27723,1.229,0.5135,1,spex,0.5x15,Prism,2001B072,Kelley,HD 200213,K0III,HighPM*,8.69,7.79,7.561431,6.186,5.718,5.662,
spec0063.b.fits,B,SAO164082,standard,fixed,+21:02:34.23,-15:28:22.7,2001/9/28,39:15.1,52180.27726,1.229,0.5135,1,spex,0.5x15,Prism,2001B072,Kelley,HD 200213,K0III,HighPM*,8.69,7.79,7.561431,6.186,5.718,5.662,
spec0064.a.fits,A,SAO164082,standard,fixed,+21:02:34.24,-15:28:30.2,2001/9/28,39:22.3,52180.27734,1.229,0.5135,1,spex,0.5x15,Prism,2001B072,Kelley,HD 200213,K0III,HighPM*,8.69,7.79,7.561431,6.186,5.718,5.662,
spec0065.a.fits,A,SAO164082,standard,fixed,+21:02:34.23,-15:28:30.2,2001/9/28,39:24.3,52180.27736,1.229,0.5135,1,spex,0.5x15,Prism,2001B072,Kelley,HD 200213,K0III,HighPM*,8.69,7.79,7.561431,6.186,5.718,5.662,
spec0066.b.fits,B,SAO164082,standard,fixed,+21:02:34.22,-15:28:22.7,2001/9/28,39:31.5,52180.27745,1.229,0.5135,1,spex,0.5x15,Prism,2001B072,Kelley,HD 200213,K0III,HighPM*,8.69,7.79,7.561431,6.186,5.718,5.662,
spec0067.b.fits,B,SAO164082,standard,fixed,+21:02:34.22,-15:28:22.7,2001/9/28,39:33.5,52180.27747,1.229,0.5135,1,spex,0.5x15,Prism,2001B072,Kelley,HD 200213,K0III,HighPM*,8.69,7.79,7.561431,6.186,5.718,5.662,
spec0068.a.fits,A,SAO164082,standard,fixed,+21:02:34.25,-15:28:30.2,2001/9/28,39:40.5,52180.27755,1.229,0.5135,1,spex,0.5x15,Prism,2001B072,Kelley,HD 200213,K0III,HighPM*,8.69,7.79,7.561431,6.186,5.718,5.662,
spec0069.a.fits,A,3494 Purple Mountain,target,moving,+21:57:33.81,-02:19:53.6,2001/9/28,46:42.0,52180.28243,1.121,120,1,spex,0.5x15,Prism,2001B072,Kelley,,,,,,,,,,
spec0070.b.fits,B,3494 Purple Mountain,target,moving,+21:57:33.82,-02:19:47.0,2001/9/28,49:04.9,52180.28408,1.118,120,1,spex,0.5x15,Prism,2001B072,Kelley,,,,,,,,,,
spec0071.a.fits,A,3494 Purple Mountain,target,moving,+21:57:33.87,-02:19:55.4,2001/9/28,51:58.9,52180.2861,1.114,120,1,spex,0.5x15,Prism,2001B072,Kelley,,,,,,,,,,
spec0072.b.fits,B,3494 Purple Mountain,target,moving,+21:57:33.88,-02:19:48.7,2001/9/28,54:21.7,52180.28775,1.111,120,1,spex,0.5x15,Prism,2001B072,Kelley,,,,,,,,,,
spec0073.a.fits,A,3494 Purple Mountain,target,moving,+21:57:33.92,-02:19:57.2,2001/9/28,57:24.4,52180.28987,1.108,120,1,spex,0.5x15,Prism,2001B072,Kelley,,,,,,,,,,
spec0074.b.fits,B,3494 Purple Mountain,target,moving,+21:57:33.92,-02:19:50.5,2001/9/28,59:47.2,52180.29152,1.105,120,1,spex,0.5x15,Prism,2001B072,Kelley,,,,,,,,,,
spec0075.a.fits,A,SAO31899 16CygB,standard,fixed,+19:41:51.96,+50:31:04.2,2001/9/28,07:50.8,52180.29712,1.232,0.25,1,spex,0.5x15,Prism,2001B072,Kelley,*  16 Cyg B,G3V,HighPM*,6.86,6.2,6.073419,4.99,4.7,4.651,
spec0076.b.fits,B,SAO31899 16CygB,standard,fixed,+19:41:51.95,+50:31:11.8,2001/9/28,07:57.3,52180.29719,1.232,0.25,1,spex,0.5x15,Prism,2001B072,Kelley,*  16 Cyg B,G3V,HighPM*,6.86,6.2,6.073419,4.99,4.7,4.651,
spec0077.b.fits,B,SAO31899 16CygB,standard,fixed,+19:41:51.95,+50:31:11.8,2001/9/28,07:58.7,52180.29721,1.232,0.25,1,spex,0.5x15,Prism,2001B072,Kelley,*  16 Cyg B,G3V,HighPM*,6.86,6.2,6.073419,4.99,4.7,4.651,
spec0078.a.fits,A,SAO31899 16CygB,standard,fixed,+19:41:51.93,+50:31:04.1,2001/9/28,08:05.2,52180.29728,1.232,0.25,1,spex,0.5x15,Prism,2001B072,Kelley,*  16 Cyg B,G3V,HighPM*,6.86,6.2,6.073419,4.99,4.7,4.651,
spec0079.a.fits,A,SAO31899 16CygB,standard,fixed,+19:41:51.97,+50:31:04.1,2001/9/28,08:06.8,52180.2973,1.232,0.25,1,spex,0.5x15,Prism,2001B072,Kelley,*  16 Cyg B,G3V,HighPM*,6.86,6.2,6.073419,4.99,4.7,4.651,
spec0080.b.fits,B,SAO31899 16CygB,standard,fixed,+19:41:51.96,+50:31:11.9,2001/9/28,08:13.3,52180.29738,1.232,0.25,1,spex,0.5x15,Prism,2001B072,Kelley,*  16 Cyg B,G3V,HighPM*,6.86,6.2,6.073419,4.99,4.7,4.651,
spec0081.b.fits,B,SAO31899 16CygB,standard,fixed,+19:41:51.96,+50:31:11.8,2001/9/28,08:14.7,52180.29739,1.232,0.25,1,spex,0.5x15,Prism,2001B072,Kelley,*  16 Cyg B,G3V,HighPM*,6.86,6.2,6.073419,4.99,4.7,4.651,
spec0082.a.fits,A,SAO31899 16CygB,standard,fixed,+19:41:52.00,+50:31:04.2,2001/9/28,08:21.3,52180.29747,1.233,0.25,1,spex,0.5x15,Prism,2001B072,Kelley,*  16 Cyg B,G3V,HighPM*,6.86,6.2,6.073419,4.99,4.7,4.651,
spec0083.a.fits,A,SAO31899 16CygB,standard,fixed,+19:41:52.00,+50:31:04.2,2001/9/28,08:22.7,52180.29749,1.233,0.25,1,spex,0.5x15,Prism,2001B072,Kelley,*  16 Cyg B,G3V,HighPM*,6.86,6.2,6.073419,4.99,4.7,4.651,
spec0084.b.fits,B,SAO31899 16CygB,standard,fixed,+19:41:51.95,+50:31:11.9,2001/9/28,08:29.2,52180.29756,1.233,0.25,1,spex,0.5x15,Prism,2001B072,Kelley,*  16 Cyg B,G3V,HighPM*,6.86,6.2,6.073419,4.99,4.7,4.651,
spec0085.b.fits,B,SAO31899 16CygB,standard,fixed,+19:41:51.96,+50:31:11.9,2001/9/28,08:30.7,52180.29758,1.233,0.25,1,spex,0.5x15,Prism,2001B072,Kelley,*  16 Cyg B,G3V,HighPM*,6.86,6.2,6.073419,4.99,4.7,4.651,
spec0086.a.fits,A,SAO31899 16CygB,standard,fixed,+19:41:51.98,+50:31:04.1,2001/9/28,08:37.2,52180.29765,1.233,0.25,1,spex,0.5x15,Prism,2001B072,Kelley,*  16 Cyg B,G3V,HighPM*,6.86,6.2,6.073419,4.99,4.7,4.651,
spec0087.a.fits,A,SAO49262,standard,fixed,+20:10:13.08,+43:56:48.4,2001/9/28,11:56.6,52180.29996,1.133,0.75,1,spex,0.5x15,Prism,2001B072,Kelley,HD 191854B,G8V,HighPM*,10.39,9.76,8.259762,0,0,0,
spec0088.b.fits,B,SAO49262,standard,fixed,+20:10:13.05,+43:56:55.8,2001/9/28,12:04.0,52180.30005,1.133,0.75,1,spex,0.5x15,Prism,2001B072,Kelley,HD 191854B,G8V,HighPM*,10.39,9.76,8.259762,0,0,0,
spec0089.b.fits,B,SAO49262,standard,fixed,+20:10:13.05,+43:56:55.8,2001/9/28,12:06.4,52180.30007,1.133,0.75,1,spex,0.5x15,Prism,2001B072,Kelley,HD 191854B,G8V,HighPM*,10.39,9.76,8.259762,0,0,0,
spec0090.a.fits,A,SAO49262,standard,fixed,+20:10:13.10,+43:56:48.2,2001/9/28,12:13.8,52180.30016,1.133,0.75,1,spex,0.5x15,Prism,2001B072,Kelley,HD 191854B,G8V,HighPM*,10.39,9.76,8.259762,0,0,0,
spec0091.a.fits,A,SAO49262,standard,fixed,+20:10:13.10,+43:56:48.3,2001/9/28,12:16.3,52180.30019,1.133,0.75,1,spex,0.5x15,Prism,2001B072,Kelley,HD 191854B,G8V,HighPM*,10.39,9.76,8.259762,0,0,0,
spec0092.b.fits,B,SAO49262,standard,fixed,+20:10:13.06,+43:56:56.1,2001/9/28,12:23.7,52180.30027,1.133,0.75,1,spex,0.5x15,Prism,2001B072,Kelley,HD 191854B,G8V,HighPM*,10.39,9.76,8.259762,0,0,0,
spec0093.b.fits,B,SAO49262,standard,fixed,+20:10:13.05,+43:56:56.1,2001/9/28,12:26.1,52180.3003,1.133,0.75,1,spex,0.5x15,Prism,2001B072,Kelley,HD 191854B,G8V,HighPM*,10.39,9.76,8.259762,0,0,0,
spec0094.a.fits,A,SAO49262,standard,fixed,+20:10:13.09,+43:56:48.4,2001/9/28,12:33.5,52180.30039,1.133,0.75,1,spex,0.5x15,Prism,2001B072,Kelley,HD 191854B,G8V,HighPM*,10.39,9.76,8.259762,0,0,0,
spec0095.a.fits,A,SAO49262,standard,fixed,+20:10:13.09,+43:56:48.4,2001/9/28,12:35.9,52180.30042,1.134,0.75,1,spex,0.5x15,Prism,2001B072,Kelley,HD 191854B,G8V,HighPM*,10.39,9.76,8.259762,0,0,0,
spec0096.b.fits,B,SAO49262,standard,fixed,+20:10:13.06,+43:56:56.1,2001/9/28,12:43.3,52180.3005,1.134,0.75,1,spex,0.5x15,Prism,2001B072,Kelley,HD 191854B,G8V,HighPM*,10.39,9.76,8.259762,0,0,0,
spec0097.b.fits,B,SAO49262,standard,fixed,+20:10:13.06,+43:56:56.1,2001/9/28,12:45.7,52180.30053,1.134,0.75,1,spex,0.5x15,Prism,2001B072,Kelley,HD 191854B,G8V,HighPM*,10.39,9.76,8.259762,0,0,0,
spec0098.a.fits,A,SAO49262,standard,fixed,+20:10:13.10,+43:56:48.5,2001/9/28,12:53.1,52180.30061,1.134,0.75,1,spex,0.5x15,Prism,2001B072,Kelley,HD 191854B,G8V,HighPM*,10.39,9.76,8.259762,0,0,0,
flat0099.a.fits,A,flat lamp,calibration,fixed,+20:10:13.11,+43:56:48.4,2001/9/28,15:14.6,52180.30225,1.137,1.05,12,spex,0.5x15,Prism,2001B072,Kelley,,,,,,,,,,
flat0100.a.fits,A,flat lamp,calibration,fixed,+20:10:13.11,+43:56:48.4,2001/9/28,15:43.0,52180.30258,1.138,1.05,12,spex,0.5x15,Prism,2001B072,Kelley,,,,,,,,,,
flat0101.a.fits,A,flat lamp,calibration,fixed,+20:10:13.12,+43:56:48.4,2001/9/28,16:09.4,52180.30289,1.138,1.05,12,spex,0.5x15,Prism,2001B072,Kelley,,,,,,,,,,
arc0102.a.fits,A,arc lamp,calibration,fixed,+20:10:13.13,+43:56:48.5,2001/9/28,16:41.6,52180.30326,1.138,0.18,10,spex,0.5x15,Prism,2001B072,Kelley,,,,,,,,,,
arc0103.a.fits,A,arc lamp,calibration,fixed,+20:10:13.14,+43:56:48.5,2001/9/28,16:46.2,52180.30331,1.138,0.18,10,spex,0.5x15,Prism,2001B072,Kelley,,,,,,,,,,
arc0104.a.fits,A,arc lamp,calibration,fixed,+20:10:13.16,+43:56:48.6,2001/9/28,16:50.7,52180.30336,1.139,0.18,10,spex,0.5x15,Prism,2001B072,Kelley,,,,,,,,,,
arc0105.a.fits,A,arc lamp,calibration,fixed,+20:10:13.18,+43:56:48.6,2001/9/28,16:55.2,52180.30342,1.139,0.18,10,spex,0.5x15,Prism,2001B072,Kelley,,,,,,,,,,
arc0106.a.fits,A,arc lamp,calibration,fixed,+20:10:13.18,+43:56:48.6,2001/9/28,16:59.8,52180.30347,1.139,0.18,10,spex,0.5x15,Prism,2001B072,Kelley,,,,,,,,,,
spec0107.a.fits,A,SAO143111,standard,fixed,+19:11:09.74,-02:38:19.4,2001/9/28,21:56.5,52180.3069,1.315,1,1,spex,0.5x15,Prism,2001B072,Kelley,HD 179079,G5IV,HighPM*,8.66,7.96,7.787227,6.734,6.402,6.311,
spec0108.b.fits,B,SAO143111,standard,fixed,+19:11:09.71,-02:38:11.9,2001/9/28,22:04.0,52180.30699,1.315,1,1,spex,0.5x15,Prism,2001B072,Kelley,HD 179079,G5IV,HighPM*,8.66,7.96,7.787227,6.734,6.402,6.311,
spec0109.b.fits,B,SAO143111,standard,fixed,+19:11:09.72,-02:38:11.9,2001/9/28,22:06.5,52180.30702,1.315,1,1,spex,0.5x15,Prism,2001B072,Kelley,HD 179079,G5IV,HighPM*,8.66,7.96,7.787227,6.734,6.402,6.311,
spec0110.a.fits,A,SAO143111,standard,fixed,+19:11:09.72,-02:38:19.5,2001/9/28,22:14.1,52180.30711,1.316,1,1,spex,0.5x15,Prism,2001B072,Kelley,HD 179079,G5IV,HighPM*,8.66,7.96,7.787227,6.734,6.402,6.311,
spec0111.a.fits,A,SAO143111,standard,fixed,+19:11:09.74,-02:38:19.4,2001/9/28,22:16.9,52180.30714,1.316,1,1,spex,0.5x15,Prism,2001B072,Kelley,HD 179079,G5IV,HighPM*,8.66,7.96,7.787227,6.734,6.402,6.311,
spec0112.b.fits,B,SAO143111,standard,fixed,+19:11:09.72,-02:38:11.8,2001/9/28,22:24.7,52180.30723,1.317,1,1,spex,0.5x15,Prism,2001B072,Kelley,HD 179079,G5IV,HighPM*,8.66,7.96,7.787227,6.734,6.402,6.311,
spec0113.b.fits,B,SAO143111,standard,fixed,+19:11:09.72,-02:38:11.8,2001/9/28,22:28.6,52180.30728,1.317,1,1,spex,0.5x15,Prism,2001B072,Kelley,HD 179079,G5IV,HighPM*,8.66,7.96,7.787227,6.734,6.402,6.311,
spec0114.a.fits,A,SAO143111,standard,fixed,+19:11:09.73,-02:38:19.3,2001/9/28,22:36.3,52180.30736,1.318,1,1,spex,0.5x15,Prism,2001B072,Kelley,HD 179079,G5IV,HighPM*,8.66,7.96,7.787227,6.734,6.402,6.311,
spec0115.a.fits,A,SAO143111,standard,fixed,+19:11:09.72,-02:38:19.3,2001/9/28,22:39.1,52180.3074,1.318,1,1,spex,0.5x15,Prism,2001B072,Kelley,HD 179079,G5IV,HighPM*,8.66,7.96,7.787227,6.734,6.402,6.311,
spec0116.b.fits,B,SAO143111,standard,fixed,+19:11:09.72,-02:38:11.6,2001/9/28,22:46.9,52180.30749,1.318,1,1,spex,0.5x15,Prism,2001B072,Kelley,HD 179079,G5IV,HighPM*,8.66,7.96,7.787227,6.734,6.402,6.311,
spec0117.b.fits,B,SAO143111,standard,fixed,+19:11:09.71,-02:38:11.7,2001/9/28,22:50.9,52180.30753,1.319,1,1,spex,0.5x15,Prism,2001B072,Kelley,HD 179079,G5IV,HighPM*,8.66,7.96,7.787227,6.734,6.402,6.311,
spec0118.a.fits,A,SAO143111,standard,fixed,+19:11:09.73,-02:38:19.3,2001/9/28,22:58.5,52180.30762,1.319,1,1,spex,0.5x15,Prism,2001B072,Kelley,HD 179079,G5IV,HighPM*,8.66,7.96,7.787227,6.734,6.402,6.311,
spec0119.a.fits,A,SAO164082,standard,fixed,+21:02:34.42,-15:28:25.8,2001/9/28,25:08.9,52180.30913,1.236,0.5135,1,spex,0.5x15,Prism,2001B072,Kelley,HD 200213,K0III,HighPM*,8.69,7.79,7.561431,6.186,5.718,5.662,
spec0120.b.fits,B,SAO164082,standard,fixed,+21:02:34.40,-15:28:18.3,2001/9/28,25:16.0,52180.30921,1.236,0.5135,1,spex,0.5x15,Prism,2001B072,Kelley,HD 200213,K0III,HighPM*,8.69,7.79,7.561431,6.186,5.718,5.662,
spec0121.b.fits,B,SAO164082,standard,fixed,+21:02:34.40,-15:28:18.3,2001/9/28,25:18.0,52180.30924,1.236,0.5135,1,spex,0.5x15,Prism,2001B072,Kelley,HD 200213,K0III,HighPM*,8.69,7.79,7.561431,6.186,5.718,5.662,
spec0122.a.fits,A,SAO164082,standard,fixed,+21:02:34.40,-15:28:25.9,2001/9/28,25:25.1,52180.30932,1.236,0.5135,1,spex,0.5x15,Prism,2001B072,Kelley,HD 200213,K0III,HighPM*,8.69,7.79,7.561431,6.186,5.718,5.662,
spec0123.a.fits,A,SAO164082,standard,fixed,+21:02:34.41,-15:28:25.8,2001/9/28,25:27.1,52180.30934,1.236,0.5135,1,spex,0.5x15,Prism,2001B072,Kelley,HD 200213,K0III,HighPM*,8.69,7.79,7.561431,6.186,5.718,5.662,
spec0124.b.fits,B,SAO164082,standard,fixed,+21:02:34.39,-15:28:18.3,2001/9/28,25:34.2,52180.30942,1.237,0.5135,1,spex,0.5x15,Prism,2001B072,Kelley,HD 200213,K0III,HighPM*,8.69,7.79,7.561431,6.186,5.718,5.662,
spec0125.b.fits,B,SAO164082,standard,fixed,+21:02:34.40,-15:28:18.4,2001/9/28,25:36.2,52180.30945,1.237,0.5135,1,spex,0.5x15,Prism,2001B072,Kelley,HD 200213,K0III,HighPM*,8.69,7.79,7.561431,6.186,5.718,5.662,
spec0126.a.fits,A,SAO164082,standard,fixed,+21:02:34.42,-15:28:25.9,2001/9/28,25:43.2,52180.30953,1.237,0.5135,1,spex,0.5x15,Prism,2001B072,Kelley,HD 200213,K0III,HighPM*,8.69,7.79,7.561431,6.186,5.718,5.662,
spec0127.a.fits,A,SAO164082,standard,fixed,+21:02:34.42,-15:28:25.8,2001/9/28,25:45.2,52180.30955,1.237,0.5135,1,spex,0.5x15,Prism,2001B072,Kelley,HD 200213,K0III,HighPM*,8.69,7.79,7.561431,6.186,5.718,5.662,
spec0128.b.fits,B,SAO164082,standard,fixed,+21:02:34.40,-15:28:18.4,2001/9/28,25:52.3,52180.30963,1.237,0.5135,1,spex,0.5x15,Prism,2001B072,Kelley,HD 200213,K0III,HighPM*,8.69,7.79,7.561431,6.186,5.718,5.662,
spec0129.b.fits,B,SAO164082,standard,fixed,+21:02:34.39,-15:28:18.3,2001/9/28,25:54.3,52180.30966,1.237,0.5135,1,spex,0.5x15,Prism,2001B072,Kelley,HD 200213,K0III,HighPM*,8.69,7.79,7.561431,6.186,5.718,5.662,
spec0130.a.fits,A,SAO164082,standard,fixed,+21:02:34.41,-15:28:25.9,2001/9/28,26:01.4,52180.30974,1.237,0.5135,1,spex,0.5x15,Prism,2001B072,Kelley,HD 200213,K0III,HighPM*,8.69,7.79,7.561431,6.186,5.718,5.662,
spec0131.a.fits,A,446 Aeternitas,target,fixed,+22:25:14.60,-25:09:23.3,2001/9/28,32:55.0,52180.31453,1.447,45,1,spex,0.5x15,Prism,2001B072,Kelley,,,,,,,,,,
spec0132.b.fits,B,446 Aeternitas,target,fixed,+22:25:14.58,-25:09:15.8,2001/9/28,34:02.9,52180.31531,1.445,45,1,spex,0.5x15,Prism,2001B072,Kelley,,,,,,,,,,
spec0133.b.fits,B,446 Aeternitas,target,fixed,+22:25:14.58,-25:09:15.7,2001/9/28,35:05.8,52180.31604,1.443,45,1,spex,0.5x15,Prism,2001B072,Kelley,,,,,,,,,,
spec0134.a.fits,A,446 Aeternitas,target,fixed,+22:25:14.58,-25:09:23.2,2001/9/28,36:13.8,52180.31683,1.442,45,1,spex,0.5x15,Prism,2001B072,Kelley,,,,,,,,,,
spec0135.a.fits,A,446 Aeternitas,target,fixed,+22:25:14.56,-25:09:23.3,2001/9/28,37:16.7,52180.31755,1.44,45,1,spex,0.5x15,Prism,2001B072,Kelley,,,,,,,,,,
spec0136.b.fits,B,446 Aeternitas,target,fixed,+22:25:14.55,-25:09:15.8,2001/9/28,38:24.6,52180.31834,1.439,45,1,spex,0.5x15,Prism,2001B072,Kelley,,,,,,,,,,
spec0137.b.fits,B,446 Aeternitas,target,fixed,+22:25:14.55,-25:09:15.9,2001/9/28,39:27.6,52180.31907,1.438,45,1,spex,0.5x15,Prism,2001B072,Kelley,,,,,,,,,,
spec0138.a.fits,A,446 Aeternitas,target,fixed,+22:25:14.54,-25:09:23.1,2001/9/28,40:35.4,52180.31985,1.436,45,1,spex,0.5x15,Prism,2001B072,Kelley,,,,,,,,,,
spec0139.a.fits,A,446 Aeternitas,target,fixed,+22:25:14.56,-25:09:22.9,2001/9/28,41:38.6,52180.32059,1.435,45,1,spex,0.5x15,Prism,2001B072,Kelley,,,,,,,,,,
spec0140.b.fits,B,446 Aeternitas,target,fixed,+22:25:14.54,-25:09:15.6,2001/9/28,42:46.4,52180.32137,1.433,45,1,spex,0.5x15,Prism,2001B072,Kelley,,,,,,,,,,
spec0141.b.fits,B,446 Aeternitas,target,fixed,+22:25:14.54,-25:09:15.4,2001/9/28,43:49.2,52180.3221,1.432,45,1,spex,0.5x15,Prism,2001B072,Kelley,,,,,,,,,,
spec0142.a.fits,A,446 Aeternitas,target,fixed,+22:25:14.55,-25:09:22.7,2001/9/28,44:57.2,52180.32288,1.431,45,1,spex,0.5x15,Prism,2001B072,Kelley,,,,,,,,,,
spec0143.a.fits,A,SAO143111,standard,fixed,+19:11:09.70,-02:38:19.2,2001/9/28,49:29.6,52180.32604,1.447,1,1,spex,0.5x15,Prism,2001B072,Kelley,HD 179079,G5IV,HighPM*,8.66,7.96,7.787227,6.734,6.402,6.311,
spec0144.b.fits,B,SAO143111,standard,fixed,+19:11:09.68,-02:38:11.7,2001/9/28,49:37.1,52180.32612,1.448,1,1,spex,0.5x15,Prism,2001B072,Kelley,HD 179079,G5IV,HighPM*,8.66,7.96,7.787227,6.734,6.402,6.311,
spec0145.b.fits,B,SAO143111,standard,fixed,+19:11:09.68,-02:38:11.9,2001/9/28,49:39.5,52180.32615,1.448,1,1,spex,0.5x15,Prism,2001B072,Kelley,HD 179079,G5IV,HighPM*,8.66,7.96,7.787227,6.734,6.402,6.311,
spec0146.a.fits,A,SAO143111,standard,fixed,+19:11:09.70,-02:38:19.3,2001/9/28,49:47.1,52180.32624,1.449,1,1,spex,0.5x15,Prism,2001B072,Kelley,HD 179079,G5IV,HighPM*,8.66,7.96,7.787227,6.734,6.402,6.311,
spec0147.a.fits,A,SAO143111,standard,fixed,+19:11:09.71,-02:38:19.2,2001/9/28,49:49.6,52180.32627,1.449,1,1,spex,0.5x15,Prism,2001B072,Kelley,HD 179079,G5IV,HighPM*,8.66,7.96,7.787227,6.734,6.402,6.311,
spec0148.b.fits,B,SAO143111,standard,fixed,+19:11:09.70,-02:38:11.5,2001/9/28,49:57.1,52180.32635,1.45,1,1,spex,0.5x15,Prism,2001B072,Kelley,HD 179079,G5IV,HighPM*,8.66,7.96,7.787227,6.734,6.402,6.311,
spec0149.b.fits,B,SAO143111,standard,fixed,+19:11:09.68,-02:38:11.6,2001/9/28,49:59.5,52180.32638,1.45,1,1,spex,0.5x15,Prism,2001B072,Kelley,HD 179079,G5IV,HighPM*,8.66,7.96,7.787227,6.734,6.402,6.311,
spec0150.a.fits,A,SAO143111,standard,fixed,+19:11:09.71,-02:38:19.2,2001/9/28,50:07.1,52180.32647,1.451,1,1,spex,0.5x15,Prism,2001B072,Kelley,HD 179079,G5IV,HighPM*,8.66,7.96,7.787227,6.734,6.402,6.311,
spec0151.a.fits,A,SAO143111,standard,fixed,+19:11:09.72,-02:38:19.2,2001/9/28,50:09.5,52180.3265,1.451,1,1,spex,0.5x15,Prism,2001B072,Kelley,HD 179079,G5IV,HighPM*,8.66,7.96,7.787227,6.734,6.402,6.311,
spec0152.b.fits,B,SAO143111,standard,fixed,+19:11:09.69,-02:38:11.7,2001/9/28,50:17.0,52180.32659,1.452,1,1,spex,0.5x15,Prism,2001B072,Kelley,HD 179079,G5IV,HighPM*,8.66,7.96,7.787227,6.734,6.402,6.311,
spec0153.b.fits,B,SAO143111,standard,fixed,+19:11:09.70,-02:38:11.7,2001/9/28,50:19.5,52180.32661,1.452,1,1,spex,0.5x15,Prism,2001B072,Kelley,HD 179079,G5IV,HighPM*,8.66,7.96,7.787227,6.734,6.402,6.311,
spec0154.a.fits,A,SAO143111,standard,fixed,+19:11:09.72,-02:38:19.3,2001/9/28,50:27.0,52180.3267,1.453,1,1,spex,0.5x15,Prism,2001B072,Kelley,HD 179079,G5IV,HighPM*,8.66,7.96,7.787227,6.734,6.402,6.311,
spec0155.a.fits,A,SAO164082,standard,fixed,+21:02:34.38,-15:28:25.7,2001/9/28,52:38.3,52180.32822,1.268,0.5135,1,spex,0.5x15,Prism,2001B072,Kelley,HD 200213,K0III,HighPM*,8.69,7.79,7.561431,6.186,5.718,5.662,
spec0156.b.fits,B,SAO164082,standard,fixed,+21:02:34.35,-15:28:18.2,2001/9/28,52:45.3,52180.3283,1.268,0.5135,1,spex,0.5x15,Prism,2001B072,Kelley,HD 200213,K0III,HighPM*,8.69,7.79,7.561431,6.186,5.718,5.662,
spec0157.b.fits,B,SAO164082,standard,fixed,+21:02:34.35,-15:28:18.1,2001/9/28,52:47.2,52180.32832,1.268,0.5135,1,spex,0.5x15,Prism,2001B072,Kelley,HD 200213,K0III,HighPM*,8.69,7.79,7.561431,6.186,5.718,5.662,
spec0158.a.fits,A,SAO164082,standard,fixed,+21:02:34.36,-15:28:25.5,2001/9/28,52:54.3,52180.32841,1.269,0.5135,1,spex,0.5x15,Prism,2001B072,Kelley,HD 200213,K0III,HighPM*,8.69,7.79,7.561431,6.186,5.718,5.662,
spec0159.a.fits,A,SAO164082,standard,fixed,+21:02:34.37,-15:28:25.5,2001/9/28,52:56.3,52180.32843,1.269,0.5135,1,spex,0.5x15,Prism,2001B072,Kelley,HD 200213,K0III,HighPM*,8.69,7.79,7.561431,6.186,5.718,5.662,
spec0160.b.fits,B,SAO164082,standard,fixed,+21:02:34.37,-15:28:18.0,2001/9/28,53:03.4,52180.32851,1.269,0.5135,1,spex,0.5x15,Prism,2001B072,Kelley,HD 200213,K0III,HighPM*,8.69,7.79,7.561431,6.186,5.718,5.662,
spec0161.b.fits,B,SAO164082,standard,fixed,+21:02:34.36,-15:28:18.0,2001/9/28,53:05.4,52180.32854,1.269,0.5135,1,spex,0.5x15,Prism,2001B072,Kelley,HD 200213,K0III,HighPM*,8.69,7.79,7.561431,6.186,5.718,5.662,
spec0162.a.fits,A,SAO164082,standard,fixed,+21:02:34.38,-15:28:25.6,2001/9/28,53:12.6,52180.32862,1.269,0.5135,1,spex,0.5x15,Prism,2001B072,Kelley,HD 200213,K0III,HighPM*,8.69,7.79,7.561431,6.186,5.718,5.662,
spec0163.a.fits,A,SAO164082,standard,fixed,+21:02:34.38,-15:28:25.6,2001/9/28,53:14.6,52180.32864,1.269,0.5135,1,spex,0.5x15,Prism,2001B072,Kelley,HD 200213,K0III,HighPM*,8.69,7.79,7.561431,6.186,5.718,5.662,
spec0164.b.fits,B,SAO164082,standard,fixed,+21:02:34.36,-15:28:18.1,2001/9/28,53:21.6,52180.32872,1.269,0.5135,1,spex,0.5x15,Prism,2001B072,Kelley,HD 200213,K0III,HighPM*,8.69,7.79,7.561431,6.186,5.718,5.662,
spec0165.b.fits,B,SAO164082,standard,fixed,+21:02:34.35,-15:28:18.1,2001/9/28,53:23.6,52180.32875,1.269,0.5135,1,spex,0.5x15,Prism,2001B072,Kelley,HD 200213,K0III,HighPM*,8.69,7.79,7.561431,6.186,5.718,5.662,
spec0166.a.fits,A,SAO164082,standard,fixed,+21:02:34.37,-15:28:25.7,2001/9/28,53:30.6,52180.32883,1.269,0.5135,1,spex,0.5x15,Prism,2001B072,Kelley,HD 200213,K0III,HighPM*,8.69,7.79,7.561431,6.186,5.718,5.662,
spec0167.a.fits,A,5587 (1990 SB),target,moving,+22:43:51.79,+04:11:44.9,2001/9/28,58:09.0,52180.33205,1.052,120,1,spex,0.5x15,Prism,2001B072,Kelley,,,,,,,,,,
spec0168.b.fits,B,5587 (1990 SB),target,moving,+22:43:51.85,+04:11:48.9,2001/9/28,00:31.9,52180.3337,1.05,120,1,spex,0.5x15,Prism,2001B072,Kelley,,,,,,,,,,
spec0169.a.fits,A,5587 (1990 SB),target,moving,+22:43:51.99,+04:11:37.2,2001/9/28,03:14.2,52180.33558,1.048,120,1,spex,0.5x15,Prism,2001B072,Kelley,,,,,,,,,,
spec0170.b.fits,B,5587 (1990 SB),target,moving,+22:43:52.06,+04:11:41.1,2001/9/28,05:37.1,52180.33724,1.047,120,1,spex,0.5x15,Prism,2001B072,Kelley,,,,,,,,,,
spec0171.b.fits,B,5587 (1990 SB),target,moving,+22:43:52.13,+04:11:37.7,2001/9/28,07:55.0,52180.33883,1.045,120,1,spex,0.5x15,Prism,2001B072,Kelley,,,,,,,,,,
spec0172.a.fits,A,5587 (1990 SB),target,moving,+22:43:52.22,+04:11:26.7,2001/9/28,10:17.9,52180.34048,1.044,120,1,spex,0.5x15,Prism,2001B072,Kelley,,,,,,,,,,
spec0173.a.fits,A,5587 (1990 SB),target,moving,+22:43:52.30,+04:11:23.4,2001/9/28,12:35.7,52180.34208,1.043,120,1,spex,0.5x15,Prism,2001B072,Kelley,,,,,,,,,,
spec0174.b.fits,B,5587 (1990 SB),target,moving,+22:43:52.35,+04:11:27.2,2001/9/28,14:58.6,52180.34373,1.042,120,1,spex,0.5x15,Prism,2001B072,Kelley,,,,,,,,,,
spec0175.a.fits,A,1025 Riema,target,moving,+22:58:43.00,-15:15:42.2,2001/9/28,21:10.9,52180.34804,1.233,120,1,spex,0.5x15,Prism,2001B072,Kelley,,,,,,,,,,
spec0176.b.fits,B,1025 Riema,target,moving,+22:58:42.93,-15:15:37.0,2001/9/28,23:33.8,52180.3497,1.231,120,1,spex,0.5x15,Prism,2001B072,Kelley,,,,,,,,,,
spec0177.a.fits,A,1025 Riema,target,moving,+22:58:42.86,-15:15:47.8,2001/9/28,27:28.2,52180.35241,1.228,120,1,spex,0.5x15,Prism,2001B072,Kelley,,,,,,,,,,
spec0178.b.fits,B,1025 Riema,target,moving,+22:58:42.79,-15:15:42.5,2001/9/28,29:51.1,52180.35406,1.227,120,1,spex,0.5x15,Prism,2001B072,Kelley,,,,,,,,,,
spec0179.b.fits,B,1025 Riema,target,moving,+22:58:42.72,-15:15:44.4,2001/9/28,32:08.9,52180.35566,1.226,120,1,spex,0.5x15,Prism,2001B072,Kelley,,,,,,,,,,
spec0180.a.fits,A,1025 Riema,target,moving,+22:58:42.67,-15:15:53.9,2001/9/28,34:31.8,52180.35731,1.225,120,1,spex,0.5x15,Prism,2001B072,Kelley,,,,,,,,,,
spec0181.a.fits,A,1025 Riema,target,moving,+22:58:42.61,-15:15:56.0,2001/9/28,36:49.8,52180.35891,1.224,120,1,spex,0.5x15,Prism,2001B072,Kelley,,,,,,,,,,
spec0182.b.fits,B,1025 Riema,target,moving,+22:58:42.53,-15:15:50.5,2001/9/28,39:12.7,52180.36056,1.223,120,1,spex,0.5x15,Prism,2001B072,Kelley,,,,,,,,,,
spec0183.b.fits,B,1025 Riema,target,moving,+22:58:42.49,-15:15:52.5,2001/9/28,41:30.6,52180.36216,1.223,120,1,spex,0.5x15,Prism,2001B072,Kelley,,,,,,,,,,
spec0184.a.fits,A,1025 Riema,target,moving,+22:58:42.44,-15:16:01.9,2001/9/28,43:53.5,52180.36381,1.222,120,1,spex,0.5x15,Prism,2001B072,Kelley,,,,,,,,,,
spec0185.a.fits,A,1025 Riema,target,moving,+22:58:42.38,-15:16:03.9,2001/9/28,46:11.3,52180.36541,1.222,120,1,spex,0.5x15,Prism,2001B072,Kelley,,,,,,,,,,
spec0186.b.fits,B,1025 Riema,target,moving,+22:58:42.31,-15:15:58.4,2001/9/28,48:34.1,52180.36706,1.222,120,1,spex,0.5x15,Prism,2001B072,Kelley,,,,,,,,,,
spec0187.a.fits,A,SAO164082,standard,fixed,+21:02:34.38,-15:28:25.6,2001/9/28,54:46.6,52180.37137,1.435,0.5135,1,spex,0.5x15,Prism,2001B072,Kelley,HD 200213,K0III,HighPM*,8.69,7.79,7.561431,6.186,5.718,5.662,
spec0188.b.fits,B,SAO164082,standard,fixed,+21:02:34.36,-15:28:18.1,2001/9/28,54:53.6,52180.37145,1.436,0.5135,1,spex,0.5x15,Prism,2001B072,Kelley,HD 200213,K0III,HighPM*,8.69,7.79,7.561431,6.186,5.718,5.662,
spec0189.b.fits,B,SAO164082,standard,fixed,+21:02:34.37,-15:28:18.2,2001/9/28,54:55.6,52180.37148,1.436,0.5135,1,spex,0.5x15,Prism,2001B072,Kelley,HD 200213,K0III,HighPM*,8.69,7.79,7.561431,6.186,5.718,5.662,
spec0190.a.fits,A,SAO164082,standard,fixed,+21:02:34.40,-15:28:25.8,2001/9/28,55:02.6,52180.37156,1.436,0.5135,1,spex,0.5x15,Prism,2001B072,Kelley,HD 200213,K0III,HighPM*,8.69,7.79,7.561431,6.186,5.718,5.662,
spec0191.a.fits,A,SAO164082,standard,fixed,+21:02:34.39,-15:28:25.7,2001/9/28,55:04.6,52180.37158,1.436,0.5135,1,spex,0.5x15,Prism,2001B072,Kelley,HD 200213,K0III,HighPM*,8.69,7.79,7.561431,6.186,5.718,5.662,
spec0192.b.fits,B,SAO164082,standard,fixed,+21:02:34.37,-15:28:18.1,2001/9/28,55:11.6,52180.37166,1.437,0.5135,1,spex,0.5x15,Prism,2001B072,Kelley,HD 200213,K0III,HighPM*,8.69,7.79,7.561431,6.186,5.718,5.662,
spec0193.b.fits,B,SAO164082,standard,fixed,+21:02:34.38,-15:28:18.1,2001/9/28,55:13.6,52180.37169,1.437,0.5135,1,spex,0.5x15,Prism,2001B072,Kelley,HD 200213,K0III,HighPM*,8.69,7.79,7.561431,6.186,5.718,5.662,
spec0194.a.fits,A,SAO164082,standard,fixed,+21:02:34.40,-15:28:25.7,2001/9/28,55:20.6,52180.37177,1.438,0.5135,1,spex,0.5x15,Prism,2001B072,Kelley,HD 200213,K0III,HighPM*,8.69,7.79,7.561431,6.186,5.718,5.662,
spec0195.a.fits,A,SAO164082,standard,fixed,+21:02:34.40,-15:28:25.6,2001/9/28,55:22.7,52180.37179,1.438,0.5135,1,spex,0.5x15,Prism,2001B072,Kelley,HD 200213,K0III,HighPM*,8.69,7.79,7.561431,6.186,5.718,5.662,
spec0196.b.fits,B,SAO164082,standard,fixed,+21:02:34.37,-15:28:18.1,2001/9/28,55:29.7,52180.37187,1.438,0.5135,1,spex,0.5x15,Prism,2001B072,Kelley,HD 200213,K0III,HighPM*,8.69,7.79,7.561431,6.186,5.718,5.662,
spec0197.b.fits,B,SAO164082,standard,fixed,+21:02:34.37,-15:28:18.1,2001/9/28,55:31.7,52180.37189,1.438,0.5135,1,spex,0.5x15,Prism,2001B072,Kelley,HD 200213,K0III,HighPM*,8.69,7.79,7.561431,6.186,5.718,5.662,
spec0198.a.fits,A,SAO164082,standard,fixed,+21:02:34.40,-15:28:25.6,2001/9/28,55:38.7,52180.37198,1.438,0.5135,1,spex,0.5x15,Prism,2001B072,Kelley,HD 200213,K0III,HighPM*,8.69,7.79,7.561431,6.186,5.718,5.662,
spec0199.a.fits,A,SAO128553,ignored,fixed,+00:03:03.39,-07:48:57.6,2001/9/28,59:30.4,52180.37466,1.166,0.75,1,spex,0.5x15,Prism,2001B072,Kelley,HD 225060,K0III,HighPM*,9.715,9.297,8.218458,6.641,6.053,5.953,
spec0200.a.fits,A,SAO128553,ignored,fixed,+00:03:03.39,-07:48:57.6,2001/9/28,59:32.5,52180.37468,1.166,0.75,1,spex,0.5x15,Prism,2001B072,Kelley,HD 225060,K0III,HighPM*,9.715,9.297,8.218458,6.641,6.053,5.953,
spec0201.a.fits,A,SAO128553,ignored,fixed,+00:03:03.38,-07:48:57.6,2001/9/28,59:34.7,52180.37471,1.166,0.75,1,spex,0.5x15,Prism,2001B072,Kelley,HD 225060,K0III,HighPM*,9.715,9.297,8.218458,6.641,6.053,5.953,
spec0202.a.fits,A,SAO128553,ignored,fixed,+00:03:03.38,-07:48:57.6,2001/9/28,59:36.9,52180.37473,1.166,0.75,1,spex,0.5x15,Prism,2001B072,Kelley,HD 225060,K0III,HighPM*,9.715,9.297,8.218458,6.641,6.053,5.953,
spec0203.a.fits,A,SAO128553,ignored,fixed,+00:03:03.39,-07:48:57.6,2001/9/28,59:39.1,52180.37476,1.166,0.75,1,spex,0.5x15,Prism,2001B072,Kelley,HD 225060,K0III,HighPM*,9.715,9.297,8.218458,6.641,6.053,5.953,
spec0204.a.fits,A,SAO128553,ignored,fixed,+00:03:03.39,-07:48:57.6,2001/9/28,59:41.2,52180.37478,1.166,0.75,1,spex,0.5x15,Prism,2001B072,Kelley,HD 225060,K0III,HighPM*,9.715,9.297,8.218458,6.641,6.053,5.953,
spec0205.a.fits,A,SAO128553,standard,fixed,+00:03:03.40,-07:48:57.8,2001/9/28,00:44.4,52180.37551,1.165,0.75,1,spex,0.5x15,Prism,2001B072,Kelley,HD 225060,K0III,HighPM*,9.715,9.297,8.218458,6.641,6.053,5.953,
spec0206.b.fits,B,SAO128553,standard,fixed,+00:03:03.38,-07:48:50.2,2001/9/28,00:53.5,52180.37562,1.164,0.75,1,spex,0.5x15,Prism,2001B072,Kelley,HD 225060,K0III,HighPM*,9.715,9.297,8.218458,6.641,6.053,5.953,
spec0207.b.fits,B,SAO128553,standard,fixed,+00:03:03.38,-07:48:50.2,2001/9/28,00:55.7,52180.37565,1.164,0.75,1,spex,0.5x15,Prism,2001B072,Kelley,HD 225060,K0III,HighPM*,9.715,9.297,8.218458,6.641,6.053,5.953,
spec0208.a.fits,A,SAO128553,standard,fixed,+00:03:03.41,-07:48:57.9,2001/9/28,01:03.0,52180.37573,1.164,0.75,1,spex,0.5x15,Prism,2001B072,Kelley,HD 225060,K0III,HighPM*,9.715,9.297,8.218458,6.641,6.053,5.953,
spec0209.a.fits,A,SAO128553,standard,fixed,+00:03:03.41,-07:48:57.9,2001/9/28,01:05.3,52180.37576,1.164,0.75,1,spex,0.5x15,Prism,2001B072,Kelley,HD 225060,K0III,HighPM*,9.715,9.297,8.218458,6.641,6.053,5.953,
spec0210.b.fits,B,SAO128553,standard,fixed,+00:03:03.41,-07:48:50.2,2001/9/28,01:12.5,52180.37584,1.164,0.75,1,spex,0.5x15,Prism,2001B072,Kelley,HD 225060,K0III,HighPM*,9.715,9.297,8.218458,6.641,6.053,5.953,
spec0211.a.fits,A,SAO128191,target,fixed,+23:27:20.97,+04:27:03.3,2001/9/28,04:11.0,52180.37791,1.04,1.5,1,spex,0.5x15,Prism,2001B072,Kelley,,,,,,,,,,
spec0212.b.fits,B,SAO128191,target,fixed,+23:27:20.96,+04:27:10.9,2001/9/28,04:19.5,52180.378,1.04,1.5,1,spex,0.5x15,Prism,2001B072,Kelley,,,,,,,,,,
spec0213.b.fits,B,SAO128191,target,fixed,+23:27:20.96,+04:27:10.8,2001/9/28,04:23.0,52180.37804,1.04,1.5,1,spex,0.5x15,Prism,2001B072,Kelley,,,,,,,,,,
spec0214.a.fits,A,SAO128191,target,fixed,+23:27:20.98,+04:27:03.2,2001/9/28,04:31.6,52180.37814,1.04,1.5,1,spex,0.5x15,Prism,2001B072,Kelley,,,,,,,,,,
spec0215.a.fits,A,SAO128191,target,fixed,+23:27:20.97,+04:27:03.4,2001/9/28,04:35.0,52180.37818,1.04,1.5,1,spex,0.5x15,Prism,2001B072,Kelley,,,,,,,,,,
spec0216.b.fits,B,SAO128191,target,fixed,+23:27:20.96,+04:27:10.9,2001/9/28,04:43.7,52180.37828,1.039,1.5,1,spex,0.5x15,Prism,2001B072,Kelley,,,,,,,,,,
spec0217.b.fits,B,SAO128191,target,fixed,+23:27:20.95,+04:27:10.8,2001/9/28,04:47.2,52180.37832,1.039,1.5,1,spex,0.5x15,Prism,2001B072,Kelley,,,,,,,,,,
spec0218.a.fits,A,SAO128191,target,fixed,+23:27:20.97,+04:27:03.1,2001/9/28,04:55.7,52180.37842,1.039,1.5,1,spex,0.5x15,Prism,2001B072,Kelley,,,,,,,,,,
spec0219.a.fits,A,SAO128191,target,fixed,+23:27:20.97,+04:27:03.2,2001/9/28,04:59.2,52180.37846,1.039,1.5,1,spex,0.5x15,Prism,2001B072,Kelley,,,,,,,,,,
spec0220.b.fits,B,SAO128191,target,fixed,+23:27:20.95,+04:27:10.9,2001/9/28,05:07.9,52180.37856,1.039,1.5,1,spex,0.5x15,Prism,2001B072,Kelley,,,,,,,,,,
spec0221.b.fits,B,SAO128191,target,fixed,+23:27:20.95,+04:27:10.9,2001/9/28,05:13.6,52180.37863,1.039,1.5,1,spex,0.5x15,Prism,2001B072,Kelley,,,,,,,,,,
spec0222.a.fits,A,SAO128191,target,fixed,+23:27:20.97,+04:27:03.4,2001/9/28,05:22.1,52180.37873,1.039,1.5,1,spex,0.5x15,Prism,2001B072,Kelley,,,,,,,,,,
spec0223.a.fits,A,434 Hungaria,target,moving,+23:14:45.33,-06:10:56.5,2001/9/28,08:26.8,52180.38087,1.113,45,1,spex,0.5x15,Prism,2001B072,Kelley,,,,,,,,,,
spec0224.b.fits,B,434 Hungaria,target,moving,+23:14:45.28,-06:10:50.3,2001/9/28,09:34.7,52180.38165,1.113,45,1,spex,0.5x15,Prism,2001B072,Kelley,,,,,,,,,,
spec0225.b.fits,B,434 Hungaria,target,moving,+23:14:45.23,-06:10:51.5,2001/9/28,10:37.5,52180.38238,1.113,45,1,spex,0.5x15,Prism,2001B072,Kelley,,,,,,,,,,
spec0226.a.fits,A,434 Hungaria,target,moving,+23:14:45.21,-06:11:00.0,2001/9/28,11:45.4,52180.38316,1.113,45,1,spex,0.5x15,Prism,2001B072,Kelley,,,,,,,,,,
spec0227.a.fits,A,434 Hungaria,target,moving,+23:14:45.17,-06:11:01.2,2001/9/28,12:48.3,52180.38389,1.113,45,1,spex,0.5x15,Prism,2001B072,Kelley,,,,,,,,,,
spec0228.b.fits,B,434 Hungaria,target,moving,+23:14:45.12,-06:10:54.9,2001/9/28,13:56.1,52180.38468,1.113,45,1,spex,0.5x15,Prism,2001B072,Kelley,,,,,,,,,,
spec0229.b.fits,B,434 Hungaria,target,moving,+23:14:45.08,-06:10:56.0,2001/9/28,14:59.0,52180.3854,1.113,45,1,spex,0.5x15,Prism,2001B072,Kelley,,,,,,,,,,
spec0230.a.fits,A,434 Hungaria,target,moving,+23:14:45.06,-06:11:04.6,2001/9/28,16:06.8,52180.38619,1.114,45,1,spex,0.5x15,Prism,2001B072,Kelley,,,,,,,,,,
spec0231.a.fits,A,434 Hungaria,target,moving,+23:14:45.02,-06:11:05.7,2001/9/28,17:09.6,52180.38692,1.114,45,1,spex,0.5x15,Prism,2001B072,Kelley,,,,,,,,,,
spec0232.b.fits,B,434 Hungaria,target,moving,+23:14:44.98,-06:10:59.5,2001/9/28,18:17.5,52180.3877,1.114,45,1,spex,0.5x15,Prism,2001B072,Kelley,,,,,,,,,,
spec0233.b.fits,B,434 Hungaria,target,moving,+23:14:44.97,-06:11:00.5,2001/9/28,19:20.4,52180.38843,1.114,45,1,spex,0.5x15,Prism,2001B072,Kelley,,,,,,,,,,
spec0234.a.fits,A,434 Hungaria,target,moving,+23:14:44.94,-06:11:09.2,2001/9/28,20:28.4,52180.38922,1.115,45,1,spex,0.5x15,Prism,2001B072,Kelley,,,,,,,,,,
spec0235.a.fits,A,434 Hungaria,target,moving,+23:14:44.87,-06:11:12.0,2001/9/28,22:55.8,52180.39092,1.116,60,1,spex,0.5x15,Prism,2001B072,Kelley,,,,,,,,,,
spec0236.b.fits,B,434 Hungaria,target,moving,+23:14:44.82,-06:11:06.0,2001/9/28,24:18.7,52180.39188,1.116,60,1,spex,0.5x15,Prism,2001B072,Kelley,,,,,,,,,,
spec0237.b.fits,B,434 Hungaria,target,moving,+23:14:44.78,-06:11:07.3,2001/9/28,25:36.6,52180.39278,1.117,60,1,spex,0.5x15,Prism,2001B072,Kelley,,,,,,,,,,
spec0238.a.fits,A,434 Hungaria,target,moving,+23:14:44.76,-06:11:16.2,2001/9/28,26:59.4,52180.39374,1.117,60,1,spex,0.5x15,Prism,2001B072,Kelley,,,,,,,,,,
spec0239.a.fits,A,434 Hungaria,target,moving,+23:14:44.73,-06:11:17.5,2001/9/28,28:17.3,52180.39464,1.118,60,1,spex,0.5x15,Prism,2001B072,Kelley,,,,,,,,,,
spec0240.b.fits,B,434 Hungaria,target,moving,+23:14:44.67,-06:11:11.6,2001/9/28,29:40.1,52180.3956,1.119,60,1,spex,0.5x15,Prism,2001B072,Kelley,,,,,,,,,,
spec0241.b.fits,B,434 Hungaria,target,moving,+23:14:44.63,-06:11:12.8,2001/9/28,30:57.9,52180.3965,1.119,60,1,spex,0.5x15,Prism,2001B072,Kelley,,,,,,,,,,
spec0242.a.fits,A,434 Hungaria,target,moving,+23:14:44.62,-06:11:21.6,2001/9/28,32:20.8,52180.39746,1.12,60,1,spex,0.5x15,Prism,2001B072,Kelley,,,,,,,,,,
spec0243.a.fits,A,434 Hungaria,target,moving,+23:14:44.59,-06:11:23.1,2001/9/28,33:38.6,52180.39836,1.121,60,1,spex,0.5x15,Prism,2001B072,Kelley,,,,,,,,,,
spec0244.b.fits,B,434 Hungaria,target,moving,+23:14:44.54,-06:11:16.9,2001/9/28,35:01.5,52180.39932,1.122,60,1,spex,0.5x15,Prism,2001B072,Kelley,,,,,,,,,,
spec0245.b.fits,B,434 Hungaria,target,moving,+23:14:44.52,-06:11:18.3,2001/9/28,36:19.4,52180.40022,1.123,60,1,spex,0.5x15,Prism,2001B072,Kelley,,,,,,,,,,
spec0246.a.fits,A,434 Hungaria,target,moving,+23:14:44.50,-06:11:27.3,2001/9/28,37:42.4,52180.40118,1.123,60,1,spex,0.5x15,Prism,2001B072,Kelley,,,,,,,,,,
spec0247.a.fits,A,253 Mathilde,target,moving,+23:09:36.77,-04:26:27.9,2001/9/28,40:42.6,52180.40327,1.113,45,1,spex,0.5x15,Prism,2001B072,Kelley,,,,,,,,,,
spec0248.b.fits,B,253 Mathilde,target,moving,+23:09:36.72,-04:26:20.8,2001/9/28,41:50.4,52180.40406,1.114,45,1,spex,0.5x15,Prism,2001B072,Kelley,,,,,,,,,,
spec0249.b.fits,B,253 Mathilde,target,moving,+23:09:36.71,-04:26:21.2,2001/9/28,42:53.6,52180.40479,1.115,45,1,spex,0.5x15,Prism,2001B072,Kelley,,,,,,,,,,
spec0250.a.fits,A,253 Mathilde,target,moving,+23:09:36.70,-04:26:29.1,2001/9/28,44:01.5,52180.40557,1.116,45,1,spex,0.5x15,Prism,2001B072,Kelley,,,,,,,,,,
spec0251.a.fits,A,253 Mathilde,target,moving,+23:09:36.68,-04:26:29.5,2001/9/28,45:04.3,52180.4063,1.117,45,1,spex,0.5x15,Prism,2001B072,Kelley,,,,,,,,,,
spec0252.b.fits,B,253 Mathilde,target,moving,+23:09:36.65,-04:26:22.6,2001/9/28,46:12.2,52180.40709,1.118,45,1,spex,0.5x15,Prism,2001B072,Kelley,,,,,,,,,,
spec0253.a.fits,A,253 Mathilde,target,moving,+23:09:36.64,-04:26:30.5,2001/9/28,47:29.2,52180.40798,1.12,45,1,spex,0.5x15,Prism,2001B072,Kelley,,,,,,,,,,
spec0254.b.fits,B,253 Mathilde,target,moving,+23:09:36.59,-04:26:23.6,2001/9/28,48:37.0,52180.40876,1.121,45,1,spex,0.5x15,Prism,2001B072,Kelley,,,,,,,,,,
spec0255.b.fits,B,253 Mathilde,target,moving,+23:09:36.58,-04:26:23.7,2001/9/28,49:40.1,52180.40949,1.122,45,1,spex,0.5x15,Prism,2001B072,Kelley,,,,,,,,,,
spec0256.a.fits,A,253 Mathilde,target,moving,+23:09:36.57,-04:26:31.7,2001/9/28,50:48.0,52180.41028,1.123,45,1,spex,0.5x15,Prism,2001B072,Kelley,,,,,,,,,,
spec0257.a.fits,A,253 Mathilde,target,moving,+23:09:36.56,-04:26:32.1,2001/9/28,51:51.0,52180.41101,1.124,45,1,spex,0.5x15,Prism,2001B072,Kelley,,,,,,,,,,
spec0258.b.fits,B,253 Mathilde,target,moving,+23:09:36.52,-04:26:25.1,2001/9/28,52:58.8,52180.41179,1.126,45,1,spex,0.5x15,Prism,2001B072,Kelley,,,,,,,,,,
spec0259.a.fits,A,SAO128191,target,fixed,+23:27:20.83,+04:27:00.1,2001/9/28,55:53.3,52180.41381,1.049,1.5,1,spex,0.5x15,Prism,2001B072,Kelley,,,,,,,,,,
spec0260.b.fits,B,SAO128191,target,fixed,+23:27:20.83,+04:27:07.6,2001/9/28,56:01.8,52180.41391,1.049,1.5,1,spex,0.5x15,Prism,2001B072,Kelley,,,,,,,,,,
spec0261.b.fits,B,SAO128191,target,fixed,+23:27:20.83,+04:27:07.6,2001/9/28,56:05.3,52180.41395,1.049,1.5,1,spex,0.5x15,Prism,2001B072,Kelley,,,,,,,,,,
spec0262.a.fits,A,SAO128191,target,fixed,+23:27:20.85,+04:27:00.1,2001/9/28,56:13.8,52180.41405,1.049,1.5,1,spex,0.5x15,Prism,2001B072,Kelley,,,,,,,,,,
spec0263.a.fits,A,SAO128191,target,fixed,+23:27:20.85,+04:27:00.2,2001/9/28,56:17.4,52180.41409,1.05,1.5,1,spex,0.5x15,Prism,2001B072,Kelley,,,,,,,,,,
spec0264.b.fits,B,SAO128191,target,fixed,+23:27:20.83,+04:27:07.8,2001/9/28,56:25.9,52180.41419,1.05,1.5,1,spex,0.5x15,Prism,2001B072,Kelley,,,,,,,,,,
spec0265.b.fits,B,SAO128191,target,fixed,+23:27:20.84,+04:27:07.6,2001/9/28,56:29.5,52180.41423,1.05,1.5,1,spex,0.5x15,Prism,2001B072,Kelley,,,,,,,,,,
spec0266.a.fits,A,SAO128191,target,fixed,+23:27:20.85,+04:27:00.1,2001/9/28,56:38.0,52180.41433,1.05,1.5,1,spex,0.5x15,Prism,2001B072,Kelley,,,,,,,,,,
spec0267.a.fits,A,SAO128191,target,fixed,+23:27:20.85,+04:27:00.1,2001/9/28,56:41.5,52180.41437,1.05,1.5,1,spex,0.5x15,Prism,2001B072,Kelley,,,,,,,,,,
spec0268.b.fits,B,SAO128191,target,fixed,+23:27:20.83,+04:27:07.7,2001/9/28,56:50.1,52180.41447,1.05,1.5,1,spex,0.5x15,Prism,2001B072,Kelley,,,,,,,,,,
spec0269.b.fits,B,SAO128191,target,fixed,+23:27:20.84,+04:27:07.6,2001/9/28,56:53.6,52180.41451,1.05,1.5,1,spex,0.5x15,Prism,2001B072,Kelley,,,,,,,,,,
spec0270.a.fits,A,SAO128191,target,fixed,+23:27:20.85,+04:27:00.0,2001/9/28,57:02.3,52180.41461,1.05,1.5,1,spex,0.5x15,Prism,2001B072,Kelley,,,,,,,,,,
spec0271.a.fits,A,SAO128553,standard,fixed,+00:03:03.77,-07:49:01.5,2001/9/28,58:38.2,52180.41572,1.129,0.75,1,spex,0.5x15,Prism,2001B072,Kelley,HD 225060,K0III,HighPM*,9.715,9.297,8.218458,6.641,6.053,5.953,
spec0272.b.fits,B,SAO128553,standard,fixed,+00:03:03.77,-07:48:54.0,2001/9/28,58:45.4,52180.4158,1.129,0.75,1,spex,0.5x15,Prism,2001B072,Kelley,HD 225060,K0III,HighPM*,9.715,9.297,8.218458,6.641,6.053,5.953,
spec0273.b.fits,B,SAO128553,standard,fixed,+00:03:03.77,-07:48:54.0,2001/9/28,58:47.7,52180.41583,1.129,0.75,1,spex,0.5x15,Prism,2001B072,Kelley,HD 225060,K0III,HighPM*,9.715,9.297,8.218458,6.641,6.053,5.953,
spec0274.a.fits,A,SAO128553,standard,fixed,+00:03:03.78,-07:49:01.6,2001/9/28,58:55.0,52180.41591,1.129,0.75,1,spex,0.5x15,Prism,2001B072,Kelley,HD 225060,K0III,HighPM*,9.715,9.297,8.218458,6.641,6.053,5.953,
spec0275.a.fits,A,SAO128553,standard,fixed,+00:03:03.77,-07:49:01.6,2001/9/28,58:57.2,52180.41594,1.129,0.75,1,spex,0.5x15,Prism,2001B072,Kelley,HD 225060,K0III,HighPM*,9.715,9.297,8.218458,6.641,6.053,5.953,
spec0276.b.fits,B,SAO128553,standard,fixed,+00:03:03.76,-07:48:54.1,2001/9/28,59:04.5,52180.41602,1.129,0.75,1,spex,0.5x15,Prism,2001B072,Kelley,HD 225060,K0III,HighPM*,9.715,9.297,8.218458,6.641,6.053,5.953,
spec0277.b.fits,B,SAO128553,standard,fixed,+00:03:03.76,-07:48:54.1,2001/9/28,59:06.7,52180.41605,1.129,0.75,1,spex,0.5x15,Prism,2001B072,Kelley,HD 225060,K0III,HighPM*,9.715,9.297,8.218458,6.641,6.053,5.953,
spec0278.a.fits,A,SAO128553,standard,fixed,+00:03:03.77,-07:49:01.7,2001/9/28,59:14.4,52180.41614,1.129,0.75,1,spex,0.5x15,Prism,2001B072,Kelley,HD 225060,K0III,HighPM*,9.715,9.297,8.218458,6.641,6.053,5.953,
spec0279.a.fits,A,SAO128553,standard,fixed,+00:03:03.77,-07:49:01.6,2001/9/28,59:17.6,52180.41618,1.129,0.75,1,spex,0.5x15,Prism,2001B072,Kelley,HD 225060,K0III,HighPM*,9.715,9.297,8.218458,6.641,6.053,5.953,
spec0280.b.fits,B,SAO128553,standard,fixed,+00:03:03.74,-07:48:54.1,2001/9/28,59:24.9,52180.41626,1.129,0.75,1,spex,0.5x15,Prism,2001B072,Kelley,HD 225060,K0III,HighPM*,9.715,9.297,8.218458,6.641,6.053,5.953,
spec0281.b.fits,B,SAO128553,standard,fixed,+00:03:03.73,-07:48:54.1,2001/9/28,59:27.2,52180.41629,1.129,0.75,1,spex,0.5x15,Prism,2001B072,Kelley,HD 225060,K0III,HighPM*,9.715,9.297,8.218458,6.641,6.053,5.953,
spec0282.a.fits,A,SAO128553,standard,fixed,+00:03:03.76,-07:49:01.6,2001/9/28,59:34.6,52180.41637,1.129,0.75,1,spex,0.5x15,Prism,2001B072,Kelley,HD 225060,K0III,HighPM*,9.715,9.297,8.218458,6.641,6.053,5.953,
spec0283.a.fits,A,2272 Montezuma,target,moving,+00:12:58.04,-06:30:49.9,2001/9/28,04:21.6,52180.41969,1.116,120,1,spex,0.5x15,Prism,2001B072,Kelley,,,,,,,,,,
spec0284.b.fits,B,2272 Montezuma,target,moving,+00:12:57.94,-06:30:45.5,2001/9/28,06:44.6,52180.42135,1.116,120,1,spex,0.5x15,Prism,2001B072,Kelley,,,,,,,,,,
spec0285.b.fits,B,2272 Montezuma,target,moving,+00:12:57.82,-06:30:48.4,2001/9/28,09:02.4,52180.42294,1.116,120,1,spex,0.5x15,Prism,2001B072,Kelley,,,,,,,,,,
spec0286.a.fits,A,2272 Montezuma,target,moving,+00:12:57.73,-06:30:58.7,2001/9/28,11:25.3,52180.4246,1.116,120,1,spex,0.5x15,Prism,2001B072,Kelley,,,,,,,,,,
spec0287.a.fits,A,2272 Montezuma,target,moving,+00:12:57.62,-06:31:01.4,2001/9/28,13:43.1,52180.42619,1.117,120,1,spex,0.5x15,Prism,2001B072,Kelley,,,,,,,,,,
spec0288.b.fits,B,2272 Montezuma,target,moving,+00:12:57.51,-06:30:56.7,2001/9/28,16:06.0,52180.42785,1.117,120,1,spex,0.5x15,Prism,2001B072,Kelley,,,,,,,,,,
spec0289.b.fits,B,2272 Montezuma,target,moving,+00:12:57.43,-06:30:59.5,2001/9/28,18:23.8,52180.42944,1.118,120,1,spex,0.5x15,Prism,2001B072,Kelley,,,,,,,,,,
spec0290.a.fits,A,2272 Montezuma,target,moving,+00:12:57.34,-06:31:09.8,2001/9/28,20:46.8,52180.4311,1.119,120,1,spex,0.5x15,Prism,2001B072,Kelley,,,,,,,,,,
spec0291.a.fits,A,2272 Montezuma,target,moving,+00:12:57.25,-06:31:12.5,2001/9/28,23:04.6,52180.43269,1.12,120,1,spex,0.5x15,Prism,2001B072,Kelley,,,,,,,,,,
spec0292.b.fits,B,2272 Montezuma,target,moving,+00:12:57.14,-06:31:08.0,2001/9/28,25:27.5,52180.43435,1.121,120,1,spex,0.5x15,Prism,2001B072,Kelley,,,,,,,,,,
spec0293.a.fits,A,442 Eischfeldia,target,moving,+00:22:03.75,-05:56:43.6,2001/9/28,30:14.7,52180.43767,1.113,60,1,spex,0.5x15,Prism,2001B072,Kelley,,,,,,,,,,
spec0294.b.fits,B,442 Eischfeldia,target,moving,+00:22:03.66,-05:56:36.6,2001/9/28,31:37.5,52180.43863,1.114,60,1,spex,0.5x15,Prism,2001B072,Kelley,,,,,,,,,,
spec0295.a.fits,A,442 Eischfeldia,target,moving,+00:22:03.59,-05:56:44.8,2001/9/28,33:59.3,52180.44027,1.115,60,1,spex,0.5x15,Prism,2001B072,Kelley,,,,,,,,,,
spec0296.b.fits,B,442 Eischfeldia,target,moving,+00:22:03.52,-05:56:37.8,2001/9/28,35:22.1,52180.44123,1.115,60,1,spex,0.5x15,Prism,2001B072,Kelley,,,,,,,,,,
spec0297.b.fits,B,442 Eischfeldia,target,moving,+00:22:03.45,-05:56:38.3,2001/9/28,36:39.9,52180.44213,1.116,60,1,spex,0.5x15,Prism,2001B072,Kelley,,,,,,,,,,
spec0298.a.fits,A,442 Eischfeldia,target,moving,+00:22:03.43,-05:56:46.3,2001/9/28,38:03.0,52180.44309,1.117,60,1,spex,0.5x15,Prism,2001B072,Kelley,,,,,,,,,,
spec0299.a.fits,A,442 Eischfeldia,target,moving,+00:22:03.37,-05:56:46.7,2001/9/28,39:20.7,52180.44399,1.118,60,1,spex,0.5x15,Prism,2001B072,Kelley,,,,,,,,,,
spec0300.b.fits,B,442 Eischfeldia,target,moving,+00:22:03.29,-05:56:39.7,2001/9/28,40:43.6,52180.44495,1.118,60,1,spex,0.5x15,Prism,2001B072,Kelley,,,,,,,,,,
spec0301.b.fits,B,442 Eischfeldia,target,moving,+00:22:03.25,-05:56:40.1,2001/9/28,42:01.4,52180.44585,1.119,60,1,spex,0.5x15,Prism,2001B072,Kelley,,,,,,,,,,
spec0302.a.fits,A,442 Eischfeldia,target,moving,+00:22:03.21,-05:56:48.1,2001/9/28,43:24.3,52180.44681,1.12,60,1,spex,0.5x15,Prism,2001B072,Kelley,,,,,,,,,,
flat0303.a.fits,A,flat lamp,calibration,fixed,+00:22:03.15,-05:56:48.6,2001/9/28,45:48.7,52180.44848,1.121,1.05,12,spex,0.5x15,Prism,2001B072,Kelley,,,,,,,,,,
flat0304.a.fits,A,flat lamp,calibration,fixed,+00:22:03.13,-05:56:48.7,2001/9/28,46:14.9,52180.44878,1.122,1.05,12,spex,0.5x15,Prism,2001B072,Kelley,,,,,,,,,,
flat0305.a.fits,A,flat lamp,calibration,fixed,+00:22:03.11,-05:56:48.8,2001/9/28,46:41.3,52180.44909,1.122,1.05,12,spex,0.5x15,Prism,2001B072,Kelley,,,,,,,,,,
arc0306.a.fits,A,arc lamp,calibration,fixed,+00:22:03.11,-05:56:48.9,2001/9/28,47:14.1,52180.44947,1.122,0.18,10,spex,0.5x15,Prism,2001B072,Kelley,,,,,,,,,,
arc0307.a.fits,A,arc lamp,calibration,fixed,+00:22:03.11,-05:56:48.9,2001/9/28,47:18.7,52180.44952,1.122,0.18,10,spex,0.5x15,Prism,2001B072,Kelley,,,,,,,,,,
arc0308.a.fits,A,arc lamp,calibration,fixed,+00:22:03.10,-05:56:48.9,2001/9/28,47:23.2,52180.44957,1.122,0.18,10,spex,0.5x15,Prism,2001B072,Kelley,,,,,,,,,,
arc0309.a.fits,A,arc lamp,calibration,fixed,+00:22:03.11,-05:56:49.0,2001/9/28,47:27.7,52180.44963,1.122,0.18,10,spex,0.5x15,Prism,2001B072,Kelley,,,,,,,,,,
arc0310.a.fits,A,arc lamp,calibration,fixed,+00:22:03.09,-05:56:49.0,2001/9/28,47:32.3,52180.44968,1.122,0.18,10,spex,0.5x15,Prism,2001B072,Kelley,,,,,,,,,,
spec0311.a.fits,A,SAO128191,target,fixed,+23:27:21.13,+04:26:58.4,2001/9/28,49:34.0,52180.45109,1.119,1.5,1,spex,0.5x15,Prism,2001B072,Kelley,,,,,,,,,,
spec0312.b.fits,B,SAO128191,target,fixed,+23:27:21.12,+04:27:05.9,2001/9/28,49:42.6,52180.45119,1.119,1.5,1,spex,0.5x15,Prism,2001B072,Kelley,,,,,,,,,,
spec0313.b.fits,B,SAO128191,target,fixed,+23:27:21.11,+04:27:05.9,2001/9/28,49:46.3,52180.45123,1.119,1.5,1,spex,0.5x15,Prism,2001B072,Kelley,,,,,,,,,,
spec0314.a.fits,A,SAO128191,target,fixed,+23:27:21.13,+04:26:58.3,2001/9/28,49:54.8,52180.45133,1.119,1.5,1,spex,0.5x15,Prism,2001B072,Kelley,,,,,,,,,,
spec0315.a.fits,A,SAO128191,target,fixed,+23:27:21.13,+04:26:58.3,2001/9/28,49:58.3,52180.45137,1.119,1.5,1,spex,0.5x15,Prism,2001B072,Kelley,,,,,,,,,,
spec0316.b.fits,B,SAO128191,target,fixed,+23:27:21.11,+04:27:05.9,2001/9/28,50:06.9,52180.45147,1.12,1.5,1,spex,0.5x15,Prism,2001B072,Kelley,,,,,,,,,,
spec0317.b.fits,B,SAO128191,target,fixed,+23:27:21.11,+04:27:05.9,2001/9/28,50:10.5,52180.45151,1.12,1.5,1,spex,0.5x15,Prism,2001B072,Kelley,,,,,,,,,,
spec0318.a.fits,A,SAO128191,target,fixed,+23:27:21.13,+04:26:58.3,2001/9/28,50:19.0,52180.45161,1.12,1.5,1,spex,0.5x15,Prism,2001B072,Kelley,,,,,,,,,,
spec0319.a.fits,A,SAO128191,target,fixed,+23:27:21.13,+04:26:58.4,2001/9/28,50:22.6,52180.45165,1.12,1.5,1,spex,0.5x15,Prism,2001B072,Kelley,,,,,,,,,,
spec0320.b.fits,B,SAO128191,target,fixed,+23:27:21.10,+04:27:05.8,2001/9/28,50:31.1,52180.45175,1.121,1.5,1,spex,0.5x15,Prism,2001B072,Kelley,,,,,,,,,,
spec0321.b.fits,B,SAO128191,target,fixed,+23:27:21.11,+04:27:05.8,2001/9/28,50:34.6,52180.45179,1.121,1.5,1,spex,0.5x15,Prism,2001B072,Kelley,,,,,,,,,,
spec0322.a.fits,A,SAO128191,target,fixed,+23:27:21.14,+04:26:58.2,2001/9/28,50:43.2,52180.45189,1.121,1.5,1,spex,0.5x15,Prism,2001B072,Kelley,,,,,,,,,,
spec0323.a.fits,A,SAO128553,standard,fixed,+00:03:03.73,-07:49:04.5,2001/9/28,52:15.6,52180.45296,1.166,0.75,1,spex,0.5x15,Prism,2001B072,Kelley,HD 225060,K0III,HighPM*,9.715,9.297,8.218458,6.641,6.053,5.953,
spec0324.b.fits,B,SAO128553,standard,fixed,+00:03:03.71,-07:48:56.9,2001/9/28,52:22.8,52180.45304,1.166,0.75,1,spex,0.5x15,Prism,2001B072,Kelley,HD 225060,K0III,HighPM*,9.715,9.297,8.218458,6.641,6.053,5.953,
spec0325.b.fits,B,SAO128553,standard,fixed,+00:03:03.71,-07:48:56.9,2001/9/28,52:25.1,52180.45307,1.166,0.75,1,spex,0.5x15,Prism,2001B072,Kelley,HD 225060,K0III,HighPM*,9.715,9.297,8.218458,6.641,6.053,5.953,
spec0326.a.fits,A,SAO128553,standard,fixed,+00:03:03.73,-07:49:04.5,2001/9/28,52:32.4,52180.45315,1.166,0.75,1,spex,0.5x15,Prism,2001B072,Kelley,HD 225060,K0III,HighPM*,9.715,9.297,8.218458,6.641,6.053,5.953,
spec0327.a.fits,A,SAO128553,standard,fixed,+00:03:03.73,-07:49:04.5,2001/9/28,52:35.1,52180.45318,1.166,0.75,1,spex,0.5x15,Prism,2001B072,Kelley,HD 225060,K0III,HighPM*,9.715,9.297,8.218458,6.641,6.053,5.953,
spec0328.b.fits,B,SAO128553,standard,fixed,+00:03:03.71,-07:48:57.0,2001/9/28,52:42.7,52180.45327,1.166,0.75,1,spex,0.5x15,Prism,2001B072,Kelley,HD 225060,K0III,HighPM*,9.715,9.297,8.218458,6.641,6.053,5.953,
spec0329.b.fits,B,SAO128553,standard,fixed,+00:03:03.71,-07:48:57.1,2001/9/28,52:45.6,52180.45331,1.166,0.75,1,spex,0.5x15,Prism,2001B072,Kelley,HD 225060,K0III,HighPM*,9.715,9.297,8.218458,6.641,6.053,5.953,
spec0330.a.fits,A,SAO128553,standard,fixed,+00:03:03.72,-07:49:04.5,2001/9/28,52:53.1,52180.45339,1.166,0.75,1,spex,0.5x15,Prism,2001B072,Kelley,HD 225060,K0III,HighPM*,9.715,9.297,8.218458,6.641,6.053,5.953,
spec0331.a.fits,A,SAO128553,standard,fixed,+00:03:03.72,-07:49:04.4,2001/9/28,52:57.6,52180.45344,1.167,0.75,1,spex,0.5x15,Prism,2001B072,Kelley,HD 225060,K0III,HighPM*,9.715,9.297,8.218458,6.641,6.053,5.953,
spec0332.b.fits,B,SAO128553,standard,fixed,+00:03:03.69,-07:48:57.1,2001/9/28,53:05.2,52180.45353,1.167,0.75,1,spex,0.5x15,Prism,2001B072,Kelley,HD 225060,K0III,HighPM*,9.715,9.297,8.218458,6.641,6.053,5.953,
spec0333.b.fits,B,SAO128553,standard,fixed,+00:03:03.70,-07:48:57.1,2001/9/28,53:08.8,52180.45357,1.167,0.75,1,spex,0.5x15,Prism,2001B072,Kelley,HD 225060,K0III,HighPM*,9.715,9.297,8.218458,6.641,6.053,5.953,
spec0334.a.fits,A,SAO128553,standard,fixed,+00:03:03.73,-07:49:04.5,2001/9/28,53:16.0,52180.45366,1.167,0.75,1,spex,0.5x15,Prism,2001B072,Kelley,HD 225060,K0III,HighPM*,9.715,9.297,8.218458,6.641,6.053,5.953,
spec0335.a.fits,A,1458 Mineura,target,moving,+01:16:45.02,+03:31:00.9,2001/9/28,57:29.1,52180.45659,1.043,120,1,spex,0.5x15,Prism,2001B072,Kelley,,,,,,,,,,
spec0336.b.fits,B,1458 Mineura,target,moving,+01:16:44.92,+03:31:07.1,2001/9/28,59:52.0,52180.45824,1.042,120,1,spex,0.5x15,Prism,2001B072,Kelley,,,,,,,,,,
spec0337.b.fits,B,1458 Mineura,target,moving,+01:16:44.86,+03:31:06.0,2001/9/28,02:09.8,52180.45984,1.042,120,1,spex,0.5x15,Prism,2001B072,Kelley,,,,,,,,,,
spec0338.a.fits,A,1458 Mineura,target,moving,+01:16:44.81,+03:30:57.3,2001/9/28,04:32.7,52180.46149,1.042,120,1,spex,0.5x15,Prism,2001B072,Kelley,,,,,,,,,,
spec0339.a.fits,A,1458 Mineura,target,moving,+01:16:44.74,+03:30:56.2,2001/9/28,06:50.6,52180.46309,1.042,120,1,spex,0.5x15,Prism,2001B072,Kelley,,,,,,,,,,
spec0340.b.fits,B,1458 Mineura,target,moving,+01:16:44.64,+03:31:02.6,2001/9/28,09:13.5,52180.46474,1.042,120,1,spex,0.5x15,Prism,2001B072,Kelley,,,,,,,,,,
spec0341.b.fits,B,1458 Mineura,target,moving,+01:16:44.53,+03:31:01.3,2001/9/28,11:31.3,52180.46633,1.042,120,1,spex,0.5x15,Prism,2001B072,Kelley,,,,,,,,,,
spec0342.a.fits,A,1458 Mineura,target,moving,+01:16:44.46,+03:30:52.8,2001/9/28,13:54.2,52180.46799,1.042,120,1,spex,0.5x15,Prism,2001B072,Kelley,,,,,,,,,,
spec0343.a.fits,A,1458 Mineura,target,moving,+01:16:44.37,+03:30:51.6,2001/9/28,16:12.2,52180.46959,1.043,120,1,spex,0.5x15,Prism,2001B072,Kelley,,,,,,,,,,
spec0344.b.fits,B,1458 Mineura,target,moving,+01:16:44.27,+03:30:57.9,2001/9/28,18:35.1,52180.47124,1.043,120,1,spex,0.5x15,Prism,2001B072,Kelley,,,,,,,,,,
spec0345.a.fits,A,1614 Goldschmidt,target,moving,+02:06:57.87,-00:47:48.7,2001/9/28,24:30.0,52180.47535,1.08,120,1,spex,0.5x15,Prism,2001B072,Kelley,,,,,,,,,,
spec0346.b.fits,B,1614 Goldschmidt,target,moving,+02:06:57.83,-00:47:42.1,2001/9/28,26:54.0,52180.47701,1.078,120,1,spex,0.5x15,Prism,2001B072,Kelley,,,,,,,,,,
spec0347.b.fits,B,1614 Goldschmidt,target,moving,+02:06:57.80,-00:47:43.0,2001/9/28,29:11.9,52180.47861,1.077,120,1,spex,0.5x15,Prism,2001B072,Kelley,,,,,,,,,,
spec0348.a.fits,A,1614 Goldschmidt,target,moving,+02:06:57.78,-00:47:51.5,2001/9/28,31:34.7,52180.48026,1.075,120,1,spex,0.5x15,Prism,2001B072,Kelley,,,,,,,,,,
spec0349.a.fits,A,1614 Goldschmidt,target,moving,+02:06:57.74,-00:47:52.3,2001/9/28,33:53.0,52180.48186,1.074,120,1,spex,0.5x15,Prism,2001B072,Kelley,,,,,,,,,,
spec0350.b.fits,B,1614 Goldschmidt,target,moving,+02:06:57.70,-00:47:45.8,2001/9/28,36:15.8,52180.48352,1.073,120,1,spex,0.5x15,Prism,2001B072,Kelley,,,,,,,,,,
spec0351.b.fits,B,1614 Goldschmidt,target,moving,+02:06:57.66,-00:47:46.7,2001/9/28,38:33.7,52180.48511,1.072,120,1,spex,0.5x15,Prism,2001B072,Kelley,,,,,,,,,,
spec0352.a.fits,A,1614 Goldschmidt,target,moving,+02:06:57.62,-00:47:55.4,2001/9/28,40:56.6,52180.48677,1.071,120,1,spex,0.5x15,Prism,2001B072,Kelley,,,,,,,,,,
spec0353.a.fits,A,783 Nora,target,moving,+02:51:06.70,+01:52:35.3,2001/9/28,46:16.0,52180.49046,1.083,60,1,spex,0.5x15,Prism,2001B072,Kelley,,,,,,,,,,
spec0354.b.fits,B,783 Nora,target,moving,+02:51:06.68,+01:52:42.1,2001/9/28,47:38.7,52180.49142,1.082,60,1,spex,0.5x15,Prism,2001B072,Kelley,,,,,,,,,,
spec0355.a.fits,A,783 Nora,target,moving,+02:51:06.69,+01:52:33.4,2001/9/28,49:33.0,52180.49274,1.078,120,1,spex,0.5x15,Prism,2001B072,Kelley,,,,,,,,,,
spec0356.b.fits,B,783 Nora,target,moving,+02:51:06.64,+01:52:39.7,2001/9/28,51:56.0,52180.4944,1.076,120,1,spex,0.5x15,Prism,2001B072,Kelley,,,,,,,,,,
spec0357.a.fits,A,783 Nora,target,moving,+02:51:06.64,+01:52:31.0,2001/9/28,54:40.6,52180.4963,1.073,120,1,spex,0.5x15,Prism,2001B072,Kelley,,,,,,,,,,
spec0358.b.fits,B,783 Nora,target,moving,+02:51:06.58,+01:52:37.6,2001/9/28,57:03.5,52180.49796,1.071,120,1,spex,0.5x15,Prism,2001B072,Kelley,,,,,,,,,,
spec0359.b.fits,B,783 Nora,target,moving,+02:51:06.57,+01:52:36.5,2001/9/28,59:21.5,52180.49955,1.069,120,1,spex,0.5x15,Prism,2001B072,Kelley,,,,,,,,,,
spec0360.a.fits,A,783 Nora,target,moving,+02:51:06.57,+01:52:28.0,2001/9/28,01:44.3,52180.50121,1.067,120,1,spex,0.5x15,Prism,2001B072,Kelley,,,,,,,,,,
spec0361.a.fits,A,SAO93012,standard,fixed,+02:35:20.40,+13:08:39.4,2001/9/28,08:25.5,52180.50585,1.01,0.5,1,spex,0.5x15,Prism,2001B072,Kelley,HD  16084,G5,Star,9.46,8.23,7.853406,6.009,5.433,5.284,
spec0362.b.fits,B,SAO93012,standard,fixed,+02:35:20.39,+13:08:47.0,2001/9/28,08:32.5,52180.50593,1.01,0.5,1,spex,0.5x15,Prism,2001B072,Kelley,HD  16084,G5,Star,9.46,8.23,7.853406,6.009,5.433,5.284,
spec0363.b.fits,B,SAO93012,standard,fixed,+02:35:20.39,+13:08:47.0,2001/9/28,08:34.4,52180.50595,1.01,0.5,1,spex,0.5x15,Prism,2001B072,Kelley,HD  16084,G5,Star,9.46,8.23,7.853406,6.009,5.433,5.284,
spec0364.a.fits,A,SAO93012,standard,fixed,+02:35:20.40,+13:08:39.5,2001/9/28,08:41.2,52180.50603,1.01,0.5,1,spex,0.5x15,Prism,2001B072,Kelley,HD  16084,G5,Star,9.46,8.23,7.853406,6.009,5.433,5.284,
spec0365.a.fits,A,SAO93012,standard,fixed,+02:35:20.40,+13:08:39.5,2001/9/28,08:43.1,52180.50605,1.01,0.5,1,spex,0.5x15,Prism,2001B072,Kelley,HD  16084,G5,Star,9.46,8.23,7.853406,6.009,5.433,5.284,
spec0366.b.fits,B,SAO93012,standard,fixed,+02:35:20.38,+13:08:47.0,2001/9/28,08:49.9,52180.50613,1.01,0.5,1,spex,0.5x15,Prism,2001B072,Kelley,HD  16084,G5,Star,9.46,8.23,7.853406,6.009,5.433,5.284,
spec0367.b.fits,B,SAO93012,standard,fixed,+02:35:20.38,+13:08:47.0,2001/9/28,08:51.7,52180.50615,1.01,0.5,1,spex,0.5x15,Prism,2001B072,Kelley,HD  16084,G5,Star,9.46,8.23,7.853406,6.009,5.433,5.284,
spec0368.a.fits,A,SAO93012,standard,fixed,+02:35:20.41,+13:08:39.4,2001/9/28,08:58.6,52180.50623,1.01,0.5,1,spex,0.5x15,Prism,2001B072,Kelley,HD  16084,G5,Star,9.46,8.23,7.853406,6.009,5.433,5.284,
spec0369.a.fits,A,SAO93012,standard,fixed,+02:35:20.41,+13:08:39.4,2001/9/28,09:00.3,52180.50625,1.01,0.5,1,spex,0.5x15,Prism,2001B072,Kelley,HD  16084,G5,Star,9.46,8.23,7.853406,6.009,5.433,5.284,
spec0370.b.fits,B,SAO93012,standard,fixed,+02:35:20.38,+13:08:46.9,2001/9/28,09:07.2,52180.50633,1.01,0.5,1,spex,0.5x15,Prism,2001B072,Kelley,HD  16084,G5,Star,9.46,8.23,7.853406,6.009,5.433,5.284,
spec0371.b.fits,B,SAO93012,standard,fixed,+02:35:20.38,+13:08:46.9,2001/9/28,09:09.0,52180.50635,1.01,0.5,1,spex,0.5x15,Prism,2001B072,Kelley,HD  16084,G5,Star,9.46,8.23,7.853406,6.009,5.433,5.284,
spec0372.a.fits,A,SAO93012,standard,fixed,+02:35:20.40,+13:08:39.3,2001/9/28,09:15.8,52180.50643,1.01,0.5,1,spex,0.5x15,Prism,2001B072,Kelley,HD  16084,G5,Star,9.46,8.23,7.853406,6.009,5.433,5.284,
spec0373.a.fits,A,SAO128191,target,fixed,+23:27:20.75,+04:26:59.9,2001/9/28,12:55.6,52180.50898,1.409,1.5,1,spex,0.5x15,Prism,2001B072,Kelley,,,,,,,,,,
spec0374.b.fits,B,SAO128191,target,fixed,+23:27:20.75,+04:27:07.6,2001/9/28,13:04.3,52180.50908,1.41,1.5,1,spex,0.5x15,Prism,2001B072,Kelley,,,,,,,,,,
spec0375.b.fits,B,SAO128191,target,fixed,+23:27:20.75,+04:27:07.6,2001/9/28,13:08.0,52180.50912,1.41,1.5,1,spex,0.5x15,Prism,2001B072,Kelley,,,,,,,,,,
spec0376.a.fits,A,SAO128191,target,fixed,+23:27:20.77,+04:27:00.0,2001/9/28,13:16.8,52180.50922,1.411,1.5,1,spex,0.5x15,Prism,2001B072,Kelley,,,,,,,,,,
spec0377.a.fits,A,SAO128191,target,fixed,+23:27:20.78,+04:27:00.0,2001/9/28,13:20.5,52180.50927,1.411,1.5,1,spex,0.5x15,Prism,2001B072,Kelley,,,,,,,,,,
spec0378.b.fits,B,SAO128191,target,fixed,+23:27:20.78,+04:27:07.6,2001/9/28,13:29.3,52180.50937,1.412,1.5,1,spex,0.5x15,Prism,2001B072,Kelley,,,,,,,,,,
spec0379.b.fits,B,SAO128191,target,fixed,+23:27:20.76,+04:27:07.6,2001/9/28,13:33.0,52180.50941,1.413,1.5,1,spex,0.5x15,Prism,2001B072,Kelley,,,,,,,,,,
spec0380.a.fits,A,SAO128191,target,fixed,+23:27:20.79,+04:26:59.9,2001/9/28,13:41.8,52180.50951,1.414,1.5,1,spex,0.5x15,Prism,2001B072,Kelley,,,,,,,,,,
spec0381.a.fits,A,SAO128191,target,fixed,+23:27:20.80,+04:27:00.1,2001/9/28,13:45.6,52180.50956,1.414,1.5,1,spex,0.5x15,Prism,2001B072,Kelley,,,,,,,,,,
spec0382.b.fits,B,SAO128191,target,fixed,+23:27:20.80,+04:27:07.7,2001/9/28,13:54.4,52180.50966,1.415,1.5,1,spex,0.5x15,Prism,2001B072,Kelley,,,,,,,,,,
spec0383.b.fits,B,SAO128191,target,fixed,+23:27:20.79,+04:27:07.7,2001/9/28,13:58.1,52180.5097,1.415,1.5,1,spex,0.5x15,Prism,2001B072,Kelley,,,,,,,,,,
spec0384.a.fits,A,SAO128191,target,fixed,+23:27:20.81,+04:27:00.2,2001/9/28,14:06.9,52180.5098,1.416,1.5,1,spex,0.5x15,Prism,2001B072,Kelley,,,,,,,,,,
spec0385.a.fits,A,SAO128191,target,fixed,+23:27:20.90,+04:27:00.1,2001/9/28,16:40.8,52180.51158,1.43,1.5,1,spex,0.5x15,Prism,2001B072,Kelley,,,,,,,,,,
spec0386.b.fits,B,SAO128191,target,fixed,+23:27:20.91,+04:27:07.8,2001/9/28,16:49.6,52180.51168,1.431,1.5,1,spex,0.5x15,Prism,2001B072,Kelley,,,,,,,,,,
spec0387.b.fits,B,SAO128191,target,fixed,+23:27:20.89,+04:27:07.8,2001/9/28,16:53.3,52180.51173,1.431,1.5,1,spex,0.5x15,Prism,2001B072,Kelley,,,,,,,,,,
spec0388.a.fits,A,SAO128191,target,fixed,+23:27:20.90,+04:27:00.1,2001/9/28,17:02.1,52180.51183,1.432,1.5,1,spex,0.5x15,Prism,2001B072,Kelley,,,,,,,,,,
spec0389.a.fits,A,SAO128191,target,fixed,+23:27:20.90,+04:27:00.1,2001/9/28,17:05.8,52180.51187,1.432,1.5,1,spex,0.5x15,Prism,2001B072,Kelley,,,,,,,,,,
spec0390.b.fits,B,SAO128191,target,fixed,+23:27:20.90,+04:27:07.7,2001/9/28,17:14.6,52180.51197,1.433,1.5,1,spex,0.5x15,Prism,2001B072,Kelley,,,,,,,,,,
spec0391.b.fits,B,SAO128191,target,fixed,+23:27:20.90,+04:27:07.7,2001/9/28,17:18.3,52180.51202,1.434,1.5,1,spex,0.5x15,Prism,2001B072,Kelley,,,,,,,,,,
spec0392.a.fits,A,SAO128191,target,fixed,+23:27:20.90,+04:27:00.0,2001/9/28,17:27.1,52180.51212,1.434,1.5,1,spex,0.5x15,Prism,2001B072,Kelley,,,,,,,,,,
spec0393.a.fits,A,SAO128191,target,fixed,+23:27:20.94,+04:27:00.1,2001/9/28,17:30.9,52180.51216,1.435,1.5,1,spex,0.5x15,Prism,2001B072,Kelley,,,,,,,,,,
spec0394.b.fits,B,SAO128191,target,fixed,+23:27:20.94,+04:27:07.8,2001/9/28,17:39.7,52180.51227,1.436,1.5,1,spex,0.5x15,Prism,2001B072,Kelley,,,,,,,,,,
spec0395.b.fits,B,SAO128191,target,fixed,+23:27:20.93,+04:27:07.8,2001/9/28,17:43.4,52180.51231,1.436,1.5,1,spex,0.5x15,Prism,2001B072,Kelley,,,,,,,,,,
spec0396.a.fits,A,SAO128191,target,fixed,+23:27:20.92,+04:27:00.1,2001/9/28,17:52.2,52180.51241,1.438,1.5,1,spex,0.5x15,Prism,2001B072,Kelley,,,,,,,,,,
spec0397.a.fits,A,SAO128553,standard,fixed,+00:03:02.57,-07:49:04.3,2001/9/28,19:25.7,52180.51349,1.411,0.75,1,spex,0.5x15,Prism,2001B072,Kelley,HD 225060,K0III,HighPM*,9.715,9.297,8.218458,6.641,6.053,5.953,
spec0398.b.fits,B,SAO128553,standard,fixed,+00:03:02.58,-07:48:56.7,2001/9/28,19:34.6,52180.5136,1.412,0.75,1,spex,0.5x15,Prism,2001B072,Kelley,HD 225060,K0III,HighPM*,9.715,9.297,8.218458,6.641,6.053,5.953,
spec0399.b.fits,B,SAO128553,standard,fixed,+00:03:02.57,-07:48:56.7,2001/9/28,19:37.0,52180.51362,1.412,0.75,1,spex,0.5x15,Prism,2001B072,Kelley,HD 225060,K0III,HighPM*,9.715,9.297,8.218458,6.641,6.053,5.953,
spec0400.a.fits,A,SAO128553,standard,fixed,+00:03:02.54,-07:49:04.3,2001/9/28,19:44.4,52180.51371,1.413,0.75,1,spex,0.5x15,Prism,2001B072,Kelley,HD 225060,K0III,HighPM*,9.715,9.297,8.218458,6.641,6.053,5.953,
spec0401.a.fits,A,SAO128553,standard,fixed,+00:03:02.55,-07:49:04.3,2001/9/28,19:46.8,52180.51374,1.413,0.75,1,spex,0.5x15,Prism,2001B072,Kelley,HD 225060,K0III,HighPM*,9.715,9.297,8.218458,6.641,6.053,5.953,
spec0402.b.fits,B,SAO128553,standard,fixed,+00:03:02.58,-07:48:56.7,2001/9/28,19:54.1,52180.51382,1.414,0.75,1,spex,0.5x15,Prism,2001B072,Kelley,HD 225060,K0III,HighPM*,9.715,9.297,8.218458,6.641,6.053,5.953,
spec0403.b.fits,B,SAO128553,standard,fixed,+00:03:02.55,-07:48:56.8,2001/9/28,19:56.6,52180.51385,1.414,0.75,1,spex,0.5x15,Prism,2001B072,Kelley,HD 225060,K0III,HighPM*,9.715,9.297,8.218458,6.641,6.053,5.953,
spec0404.a.fits,A,SAO128553,standard,fixed,+00:03:02.56,-07:49:04.5,2001/9/28,20:04.0,52180.51394,1.414,0.75,1,spex,0.5x15,Prism,2001B072,Kelley,HD 225060,K0III,HighPM*,9.715,9.297,8.218458,6.641,6.053,5.953,
spec0405.a.fits,A,SAO128553,standard,fixed,+00:03:02.55,-07:49:04.5,2001/9/28,20:06.4,52180.51396,1.414,0.75,1,spex,0.5x15,Prism,2001B072,Kelley,HD 225060,K0III,HighPM*,9.715,9.297,8.218458,6.641,6.053,5.953,
spec0406.b.fits,B,SAO128553,standard,fixed,+00:03:02.57,-07:48:56.8,2001/9/28,20:13.7,52180.51405,1.415,0.75,1,spex,0.5x15,Prism,2001B072,Kelley,HD 225060,K0III,HighPM*,9.715,9.297,8.218458,6.641,6.053,5.953,
spec0407.b.fits,B,SAO128553,standard,fixed,+00:03:02.56,-07:48:56.8,2001/9/28,20:16.1,52180.51407,1.415,0.75,1,spex,0.5x15,Prism,2001B072,Kelley,HD 225060,K0III,HighPM*,9.715,9.297,8.218458,6.641,6.053,5.953,
spec0408.a.fits,A,SAO128553,standard,fixed,+00:03:02.57,-07:49:04.4,2001/9/28,20:23.5,52180.51416,1.416,0.75,1,spex,0.5x15,Prism,2001B072,Kelley,HD 225060,K0III,HighPM*,9.715,9.297,8.218458,6.641,6.053,5.953,
flat0409.a.fits,A,flat lamp,calibration,fixed,+00:03:02.59,-07:49:04.2,2001/9/28,21:53.1,52180.5152,1.425,1.05,12,spex,0.5x15,Prism,2001B072,Kelley,,,,,,,,,,
flat0410.a.fits,A,flat lamp,calibration,fixed,+00:03:02.59,-07:49:04.2,2001/9/28,22:19.4,52180.5155,1.427,1.05,12,spex,0.5x15,Prism,2001B072,Kelley,,,,,,,,,,
flat0411.a.fits,A,flat lamp,calibration,fixed,+00:03:02.59,-07:49:04.2,2001/9/28,22:45.7,52180.51581,1.43,1.05,12,spex,0.5x15,Prism,2001B072,Kelley,,,,,,,,,,
arc0412.a.fits,A,arc lamp,calibration,fixed,+00:03:02.59,-07:49:04.2,2001/9/28,23:18.5,52180.51619,1.43,0.18,10,spex,0.5x15,Prism,2001B072,Kelley,,,,,,,,,,
arc0413.a.fits,A,arc lamp,calibration,fixed,+00:03:02.59,-07:49:04.2,2001/9/28,23:23.1,52180.51624,1.43,0.18,10,spex,0.5x15,Prism,2001B072,Kelley,,,,,,,,,,
arc0414.a.fits,A,arc lamp,calibration,fixed,+00:03:02.59,-07:49:04.2,2001/9/28,23:27.8,52180.51629,1.431,0.18,10,spex,0.5x15,Prism,2001B072,Kelley,,,,,,,,,,
arc0415.a.fits,A,arc lamp,calibration,fixed,+00:03:02.60,-07:49:04.2,2001/9/28,23:32.6,52180.51635,1.431,0.18,10,spex,0.5x15,Prism,2001B072,Kelley,,,,,,,,,,
arc0416.a.fits,A,arc lamp,calibration,fixed,+00:03:02.60,-07:49:04.2,2001/9/28,23:37.4,52180.5164,1.432,0.18,10,spex,0.5x15,Prism,2001B072,Kelley,,,,,,,,,,
spec0417.a.fits,A,142 Polana,target,moving,+02:28:14.03,+18:05:56.8,2001/9/28,29:21.3,52180.52039,1.001,120,1,spex,0.5x15,Prism,2001B072,Kelley,,,,,,,,,,
spec0418.b.fits,B,142 Polana,target,moving,+02:28:13.96,+18:06:04.0,2001/9/28,31:37.9,52180.52197,1.002,120,1,spex,0.5x15,Prism,2001B072,Kelley,,,,,,,,,,
spec0419.b.fits,B,142 Polana,target,moving,+02:28:13.91,+18:06:03.8,2001/9/28,33:49.5,52180.52349,1.002,120,1,spex,0.5x15,Prism,2001B072,Kelley,,,,,,,,,,
spec0420.a.fits,A,142 Polana,target,moving,+02:28:13.87,+18:05:55.9,2001/9/28,36:06.2,52180.52507,1.003,120,1,spex,0.5x15,Prism,2001B072,Kelley,,,,,,,,,,
spec0421.a.fits,A,142 Polana,target,moving,+02:28:13.82,+18:05:55.5,2001/9/28,38:17.8,52180.52659,1.004,120,1,spex,0.5x15,Prism,2001B072,Kelley,,,,,,,,,,
spec0422.b.fits,B,142 Polana,target,moving,+02:28:13.75,+18:06:02.7,2001/9/28,40:34.3,52180.52817,1.005,120,1,spex,0.5x15,Prism,2001B072,Kelley,,,,,,,,,,
spec0423.a.fits,A,SAO93012,standard,fixed,+02:35:21.08,+13:08:31.6,2001/9/28,45:23.3,52180.53152,1.01,0.5,1,spex,0.5x15,Prism,2001B072,Kelley,HD  16084,G5,Star,9.46,8.23,7.853406,6.009,5.433,5.284,
spec0424.b.fits,B,SAO93012,standard,fixed,+02:35:21.05,+13:08:39.2,2001/9/28,45:30.2,52180.5316,1.01,0.5,1,spex,0.5x15,Prism,2001B072,Kelley,HD  16084,G5,Star,9.46,8.23,7.853406,6.009,5.433,5.284,
spec0425.b.fits,B,SAO93012,standard,fixed,+02:35:21.05,+13:08:39.1,2001/9/28,45:32.0,52180.53162,1.01,0.5,1,spex,0.5x15,Prism,2001B072,Kelley,HD  16084,G5,Star,9.46,8.23,7.853406,6.009,5.433,5.284,
spec0426.a.fits,A,SAO93012,standard,fixed,+02:35:21.05,+13:08:31.5,2001/9/28,45:38.8,52180.5317,1.01,0.5,1,spex,0.5x15,Prism,2001B072,Kelley,HD  16084,G5,Star,9.46,8.23,7.853406,6.009,5.433,5.284,
spec0427.a.fits,A,SAO93012,standard,fixed,+02:35:21.06,+13:08:31.6,2001/9/28,45:40.6,52180.53172,1.01,0.5,1,spex,0.5x15,Prism,2001B072,Kelley,HD  16084,G5,Star,9.46,8.23,7.853406,6.009,5.433,5.284,
spec0428.b.fits,B,SAO93012,standard,fixed,+02:35:21.05,+13:08:39.2,2001/9/28,45:47.4,52180.5318,1.01,0.5,1,spex,0.5x15,Prism,2001B072,Kelley,HD  16084,G5,Star,9.46,8.23,7.853406,6.009,5.433,5.284,
spec0429.b.fits,B,SAO93012,standard,fixed,+02:35:21.05,+13:08:39.2,2001/9/28,45:49.2,52180.53182,1.01,0.5,1,spex,0.5x15,Prism,2001B072,Kelley,HD  16084,G5,Star,9.46,8.23,7.853406,6.009,5.433,5.284,
spec0430.a.fits,A,SAO93012,standard,fixed,+02:35:21.07,+13:08:31.5,2001/9/28,45:56.0,52180.5319,1.01,0.5,1,spex,0.5x15,Prism,2001B072,Kelley,HD  16084,G5,Star,9.46,8.23,7.853406,6.009,5.433,5.284,
spec0431.a.fits,A,SAO93012,standard,fixed,+02:35:21.07,+13:08:31.5,2001/9/28,45:57.8,52180.53192,1.01,0.5,1,spex,0.5x15,Prism,2001B072,Kelley,HD  16084,G5,Star,9.46,8.23,7.853406,6.009,5.433,5.284,
spec0432.b.fits,B,SAO93012,standard,fixed,+02:35:21.05,+13:08:39.2,2001/9/28,46:04.7,52180.532,1.01,0.5,1,spex,0.5x15,Prism,2001B072,Kelley,HD  16084,G5,Star,9.46,8.23,7.853406,6.009,5.433,5.284,
spec0433.b.fits,B,SAO93012,standard,fixed,+02:35:21.04,+13:08:39.2,2001/9/28,46:06.5,52180.53202,1.01,0.5,1,spex,0.5x15,Prism,2001B072,Kelley,HD  16084,G5,Star,9.46,8.23,7.853406,6.009,5.433,5.284,
spec0434.a.fits,A,SAO93012,standard,fixed,+02:35:21.06,+13:08:31.5,2001/9/28,46:13.4,52180.5321,1.01,0.5,1,spex,0.5x15,Prism,2001B072,Kelley,HD  16084,G5,Star,9.46,8.23,7.853406,6.009,5.433,5.284,
spec0435.a.fits,A,142 Polana,target,moving,+02:28:13.48,+18:05:53.2,2001/9/28,52:19.8,52180.53634,1.01,120,1,spex,0.5x15,Prism,2001B072,Kelley,,,,,,,,,,
spec0436.b.fits,B,142 Polana,target,moving,+02:28:13.40,+18:06:00.2,2001/9/28,54:42.7,52180.53799,1.012,120,1,spex,0.5x15,Prism,2001B072,Kelley,,,,,,,,,,
spec0437.b.fits,B,142 Polana,target,moving,+02:28:13.35,+18:05:59.7,2001/9/28,57:00.6,52180.53959,1.013,120,1,spex,0.5x15,Prism,2001B072,Kelley,,,,,,,,,,
spec0438.a.fits,A,142 Polana,target,moving,+02:28:13.29,+18:05:51.8,2001/9/28,59:23.5,52180.54124,1.015,120,1,spex,0.5x15,Prism,2001B072,Kelley,,,,,,,,,,
spec0439.a.fits,A,142 Polana,target,moving,+02:28:13.24,+18:05:51.3,2001/9/28,01:41.3,52180.54284,1.016,120,1,spex,0.5x15,Prism,2001B072,Kelley,,,,,,,,,,
spec0440.b.fits,B,142 Polana,target,moving,+02:28:13.15,+18:05:58.6,2001/9/28,04:04.2,52180.54449,1.018,120,1,spex,0.5x15,Prism,2001B072,Kelley,,,,,,,,,,
spec0441.a.fits,A,2468 Repin,target,moving,+02:45:57.40,+17:36:20.8,2001/9/28,11:04.9,52180.54936,1.011,120,1,spex,0.5x15,Prism,2001B072,Kelley,,,,,,,,,,
spec0442.b.fits,B,2468 Repin,target,moving,+02:45:57.34,+17:36:27.7,2001/9/28,13:30.2,52180.55104,1.013,120,1,spex,0.5x15,Prism,2001B072,Kelley,,,,,,,,,,
spec0443.a.fits,A,2468 Repin,target,moving,+02:45:57.29,+17:36:19.5,2001/9/28,16:30.7,52180.55313,1.015,120,1,spex,0.5x15,Prism,2001B072,Kelley,,,,,,,,,,
spec0444.b.fits,B,2468 Repin,target,moving,+02:45:57.21,+17:36:26.2,2001/9/28,18:53.6,52180.55479,1.017,120,1,spex,0.5x15,Prism,2001B072,Kelley,,,,,,,,,,
spec0445.b.fits,B,2468 Repin,target,moving,+02:45:57.18,+17:36:25.8,2001/9/28,21:11.4,52180.55638,1.018,120,1,spex,0.5x15,Prism,2001B072,Kelley,,,,,,,,,,
spec0446.a.fits,A,2468 Repin,target,moving,+02:45:57.15,+17:36:17.5,2001/9/28,23:34.2,52180.55804,1.02,120,1,spex,0.5x15,Prism,2001B072,Kelley,,,,,,,,,,
spec0447.a.fits,A,2468 Repin,target,moving,+02:45:57.10,+17:36:16.9,2001/9/28,25:52.3,52180.55963,1.022,120,1,spex,0.5x15,Prism,2001B072,Kelley,,,,,,,,,,
spec0448.b.fits,B,2468 Repin,target,moving,+02:45:57.04,+17:36:23.9,2001/9/28,28:15.3,52180.56129,1.024,120,1,spex,0.5x15,Prism,2001B072,Kelley,,,,,,,,,,
spec0449.a.fits,A,2468 Repin,target,moving,+02:45:57.02,+17:36:15.7,2001/9/28,31:20.3,52180.56343,1.027,120,1,spex,0.5x15,Prism,2001B072,Kelley,,,,,,,,,,
spec0450.b.fits,B,2468 Repin,target,moving,+02:45:56.95,+17:36:22.6,2001/9/28,33:43.1,52180.56508,1.03,120,1,spex,0.5x15,Prism,2001B072,Kelley,,,,,,,,,,
spec0451.a.fits,A,SAO93012,standard,fixed,+02:35:21.22,+13:08:28.1,2001/9/28,38:10.4,52180.56818,1.052,0.5,1,spex,0.5x15,Prism,2001B072,Kelley,HD  16084,G5,Star,9.46,8.23,7.853406,6.009,5.433,5.284,
spec0452.b.fits,B,SAO93012,standard,fixed,+02:35:21.20,+13:08:35.6,2001/9/28,38:17.3,52180.56826,1.052,0.5,1,spex,0.5x15,Prism,2001B072,Kelley,HD  16084,G5,Star,9.46,8.23,7.853406,6.009,5.433,5.284,
spec0453.b.fits,B,SAO93012,standard,fixed,+02:35:21.20,+13:08:35.6,2001/9/28,38:19.1,52180.56828,1.052,0.5,1,spex,0.5x15,Prism,2001B072,Kelley,HD  16084,G5,Star,9.46,8.23,7.853406,6.009,5.433,5.284,
spec0454.a.fits,A,SAO93012,standard,fixed,+02:35:21.23,+13:08:28.1,2001/9/28,38:26.2,52180.56836,1.053,0.5,1,spex,0.5x15,Prism,2001B072,Kelley,HD  16084,G5,Star,9.46,8.23,7.853406,6.009,5.433,5.284,
spec0455.a.fits,A,SAO93012,standard,fixed,+02:35:21.23,+13:08:28.1,2001/9/28,38:30.2,52180.56841,1.053,0.5,1,spex,0.5x15,Prism,2001B072,Kelley,HD  16084,G5,Star,9.46,8.23,7.853406,6.009,5.433,5.284,
spec0456.b.fits,B,SAO93012,standard,fixed,+02:35:21.21,+13:08:35.6,2001/9/28,38:37.1,52180.56848,1.053,0.5,1,spex,0.5x15,Prism,2001B072,Kelley,HD  16084,G5,Star,9.46,8.23,7.853406,6.009,5.433,5.284,
spec0457.b.fits,B,SAO93012,standard,fixed,+02:35:21.21,+13:08:35.6,2001/9/28,38:38.9,52180.56851,1.053,0.5,1,spex,0.5x15,Prism,2001B072,Kelley,HD  16084,G5,Star,9.46,8.23,7.853406,6.009,5.433,5.284,
spec0458.a.fits,A,SAO93012,standard,fixed,+02:35:21.20,+13:08:27.9,2001/9/28,38:45.8,52180.56859,1.053,0.5,1,spex,0.5x15,Prism,2001B072,Kelley,HD  16084,G5,Star,9.46,8.23,7.853406,6.009,5.433,5.284,
spec0459.a.fits,A,SAO93012,standard,fixed,+02:35:21.22,+13:08:28.0,2001/9/28,38:47.5,52180.56861,1.053,0.5,1,spex,0.5x15,Prism,2001B072,Kelley,HD  16084,G5,Star,9.46,8.23,7.853406,6.009,5.433,5.284,
spec0460.b.fits,B,SAO93012,standard,fixed,+02:35:21.23,+13:08:35.7,2001/9/28,38:54.4,52180.56868,1.053,0.5,1,spex,0.5x15,Prism,2001B072,Kelley,HD  16084,G5,Star,9.46,8.23,7.853406,6.009,5.433,5.284,
spec0461.b.fits,B,SAO93012,standard,fixed,+02:35:21.21,+13:08:35.6,2001/9/28,38:56.2,52180.56871,1.053,0.5,1,spex,0.5x15,Prism,2001B072,Kelley,HD  16084,G5,Star,9.46,8.23,7.853406,6.009,5.433,5.284,
spec0462.a.fits,A,SAO93012,standard,fixed,+02:35:21.22,+13:08:27.9,2001/9/28,39:03.0,52180.56878,1.053,0.5,1,spex,0.5x15,Prism,2001B072,Kelley,HD  16084,G5,Star,9.46,8.23,7.853406,6.009,5.433,5.284,
spec0463.a.fits,A,SAO93936 (Hyades64),standard,moving,+04:26:40.06,+16:44:49.2,2001/9/28,43:40.0,52180.57199,1.012,0.75,1,spex,0.5x15,Prism,2001B072,Kelley,HD  28099,G2+V,BYDraV*,8.78,8.12,7.950683,6.893,6.643,6.547,
spec0464.b.fits,B,SAO93936 (Hyades64),standard,moving,+04:26:40.04,+16:44:56.5,2001/9/28,43:47.4,52180.57208,1.012,0.75,1,spex,0.5x15,Prism,2001B072,Kelley,HD  28099,G2+V,BYDraV*,8.78,8.12,7.950683,6.893,6.643,6.547,
spec0465.b.fits,B,SAO93936 (Hyades64),standard,moving,+04:26:40.03,+16:44:56.5,2001/9/28,43:49.7,52180.5721,1.012,0.75,1,spex,0.5x15,Prism,2001B072,Kelley,HD  28099,G2+V,BYDraV*,8.78,8.12,7.950683,6.893,6.643,6.547,
spec0466.a.fits,A,SAO93936 (Hyades64),standard,moving,+04:26:40.06,+16:44:49.0,2001/9/28,43:57.1,52180.57219,1.012,0.75,1,spex,0.5x15,Prism,2001B072,Kelley,HD  28099,G2+V,BYDraV*,8.78,8.12,7.950683,6.893,6.643,6.547,
spec0467.a.fits,A,SAO93936 (Hyades64),standard,moving,+04:26:40.06,+16:44:49.0,2001/9/28,43:59.5,52180.57222,1.012,0.75,1,spex,0.5x15,Prism,2001B072,Kelley,HD  28099,G2+V,BYDraV*,8.78,8.12,7.950683,6.893,6.643,6.547,
spec0468.b.fits,B,SAO93936 (Hyades64),standard,moving,+04:26:40.04,+16:44:56.6,2001/9/28,44:06.9,52180.5723,1.012,0.75,1,spex,0.5x15,Prism,2001B072,Kelley,HD  28099,G2+V,BYDraV*,8.78,8.12,7.950683,6.893,6.643,6.547,
spec0469.b.fits,B,SAO93936 (Hyades64),standard,moving,+04:26:40.03,+16:44:56.6,2001/9/28,44:09.2,52180.57233,1.012,0.75,1,spex,0.5x15,Prism,2001B072,Kelley,HD  28099,G2+V,BYDraV*,8.78,8.12,7.950683,6.893,6.643,6.547,
spec0470.a.fits,A,SAO93936 (Hyades64),standard,moving,+04:26:40.04,+16:44:49.1,2001/9/28,44:16.6,52180.57241,1.012,0.75,1,spex,0.5x15,Prism,2001B072,Kelley,HD  28099,G2+V,BYDraV*,8.78,8.12,7.950683,6.893,6.643,6.547,
spec0471.a.fits,A,SAO93936 (Hyades64),standard,moving,+04:26:40.06,+16:44:49.1,2001/9/28,44:19.0,52180.57244,1.012,0.75,1,spex,0.5x15,Prism,2001B072,Kelley,HD  28099,G2+V,BYDraV*,8.78,8.12,7.950683,6.893,6.643,6.547,
spec0472.b.fits,B,SAO93936 (Hyades64),standard,moving,+04:26:40.03,+16:44:56.6,2001/9/28,44:26.4,52180.57253,1.012,0.75,1,spex,0.5x15,Prism,2001B072,Kelley,HD  28099,G2+V,BYDraV*,8.78,8.12,7.950683,6.893,6.643,6.547,
spec0473.b.fits,B,SAO93936 (Hyades64),standard,moving,+04:26:40.02,+16:44:56.6,2001/9/28,44:28.7,52180.57255,1.012,0.75,1,spex,0.5x15,Prism,2001B072,Kelley,HD  28099,G2+V,BYDraV*,8.78,8.12,7.950683,6.893,6.643,6.547,
spec0474.a.fits,A,SAO93936 (Hyades64),standard,moving,+04:26:40.06,+16:44:49.0,2001/9/28,44:36.3,52180.57264,1.012,0.75,1,spex,0.5x15,Prism,2001B072,Kelley,HD  28099,G2+V,BYDraV*,8.78,8.12,7.950683,6.893,6.643,6.547,
spec0475.a.fits,A,620 Drakonia,target,moving,+03:03:00.21,+23:55:40.1,2001/9/28,49:07.2,52180.57578,1.029,120,1,spex,0.5x15,Prism,2001B072,Kelley,,,,,,,,,,
spec0476.b.fits,B,620 Drakonia,target,moving,+03:03:00.16,+23:55:47.8,2001/9/28,51:30.2,52180.57743,1.031,120,1,spex,0.5x15,Prism,2001B072,Kelley,,,,,,,,,,
spec0477.b.fits,B,620 Drakonia,target,moving,+03:03:00.12,+23:55:48.0,2001/9/28,53:48.1,52180.57903,1.034,120,1,spex,0.5x15,Prism,2001B072,Kelley,,,,,,,,,,
spec0478.a.fits,A,620 Drakonia,target,moving,+03:03:00.10,+23:55:40.7,2001/9/28,56:11.0,52180.58068,1.036,120,1,spex,0.5x15,Prism,2001B072,Kelley,,,,,,,,,,
spec0479.a.fits,A,620 Drakonia,target,moving,+03:03:00.11,+23:55:41.0,2001/9/28,58:28.8,52180.58228,1.039,120,1,spex,0.5x15,Prism,2001B072,Kelley,,,,,,,,,,
spec0480.b.fits,B,620 Drakonia,target,moving,+03:03:00.08,+23:55:48.8,2001/9/28,00:51.7,52180.58393,1.041,120,1,spex,0.5x15,Prism,2001B072,Kelley,,,,,,,,,,
spec0481.b.fits,B,620 Drakonia,target,moving,+03:03:00.07,+23:55:49.2,2001/9/28,03:09.6,52180.58553,1.044,120,1,spex,0.5x15,Prism,2001B072,Kelley,,,,,,,,,,
spec0482.a.fits,A,620 Drakonia,target,moving,+03:03:00.10,+23:55:42.0,2001/9/28,05:32.5,52180.58718,1.047,120,1,spex,0.5x15,Prism,2001B072,Kelley,,,,,,,,,,
spec0483.a.fits,A,620 Drakonia,target,moving,+03:03:00.09,+23:55:42.3,2001/9/28,07:50.3,52180.58878,1.05,120,1,spex,0.5x15,Prism,2001B072,Kelley,,,,,,,,,,
spec0484.b.fits,B,620 Drakonia,target,moving,+03:03:00.09,+23:55:50.1,2001/9/28,10:13.2,52180.59043,1.054,120,1,spex,0.5x15,Prism,2001B072,Kelley,,,,,,,,,,
spec0485.b.fits,B,620 Drakonia,target,moving,+03:03:00.06,+23:55:50.5,2001/9/28,12:31.1,52180.59203,1.057,120,1,spex,0.5x15,Prism,2001B072,Kelley,,,,,,,,,,
spec0486.a.fits,A,620 Drakonia,target,moving,+03:03:00.08,+23:55:43.5,2001/9/28,14:54.0,52180.59368,1.06,120,1,spex,0.5x15,Prism,2001B072,Kelley,,,,,,,,,,
spec0487.a.fits,A,620 Drakonia,target,moving,+03:03:00.03,+23:55:44.0,2001/9/28,17:58.8,52180.59582,1.065,120,1,spex,0.5x15,Prism,2001B072,Kelley,,,,,,,,,,
spec0488.b.fits,B,620 Drakonia,target,moving,+03:02:59.99,+23:55:51.9,2001/9/28,20:21.7,52180.59747,1.069,120,1,spex,0.5x15,Prism,2001B072,Kelley,,,,,,,,,,
spec0489.b.fits,B,620 Drakonia,target,moving,+03:02:59.95,+23:55:52.3,2001/9/28,22:39.4,52180.59907,1.072,120,1,spex,0.5x15,Prism,2001B072,Kelley,,,,,,,,,,
spec0490.a.fits,A,620 Drakonia,target,moving,+03:02:59.96,+23:55:45.3,2001/9/28,25:02.3,52180.60072,1.076,120,1,spex,0.5x15,Prism,2001B072,Kelley,,,,,,,,,,
spec0491.a.fits,A,620 Drakonia,target,moving,+03:02:59.95,+23:55:45.7,2001/9/28,27:20.2,52180.60232,1.08,120,1,spex,0.5x15,Prism,2001B072,Kelley,,,,,,,,,,
spec0492.b.fits,B,620 Drakonia,target,moving,+03:02:59.93,+23:55:53.5,2001/9/28,29:43.1,52180.60397,1.084,120,1,spex,0.5x15,Prism,2001B072,Kelley,,,,,,,,,,
flat0493.a.fits,A,flat lamp,calibration,fixed,+03:02:59.95,+23:55:46.7,2001/9/28,34:55.4,52180.60759,1.091,1.05,12,spex,0.5x15,Prism,2001B072,Kelley,,,,,,,,,,
flat0494.a.fits,A,flat lamp,calibration,fixed,+03:02:59.94,+23:55:46.8,2001/9/28,35:21.7,52180.60789,1.091,1.05,12,spex,0.5x15,Prism,2001B072,Kelley,,,,,,,,,,
flat0495.a.fits,A,flat lamp,calibration,fixed,+03:02:59.93,+23:55:46.9,2001/9/28,35:48.0,52180.60819,1.092,1.05,12,spex,0.5x15,Prism,2001B072,Kelley,,,,,,,,,,
arc0496.a.fits,A,arc lamp,calibration,fixed,+03:02:59.93,+23:55:46.9,2001/9/28,36:20.7,52180.60857,1.093,0.18,10,spex,0.5x15,Prism,2001B072,Kelley,,,,,,,,,,
arc0497.a.fits,A,arc lamp,calibration,fixed,+03:02:59.93,+23:55:46.9,2001/9/28,36:25.2,52180.60863,1.093,0.18,10,spex,0.5x15,Prism,2001B072,Kelley,,,,,,,,,,
arc0498.a.fits,A,arc lamp,calibration,fixed,+03:02:59.93,+23:55:46.9,2001/9/28,36:29.8,52180.60868,1.093,0.18,10,spex,0.5x15,Prism,2001B072,Kelley,,,,,,,,,,
arc0499.a.fits,A,arc lamp,calibration,fixed,+03:02:59.93,+23:55:46.9,2001/9/28,36:34.3,52180.60873,1.093,0.18,10,spex,0.5x15,Prism,2001B072,Kelley,,,,,,,,,,
arc0500.a.fits,A,arc lamp,calibration,fixed,+03:02:59.93,+23:55:47.0,2001/9/28,36:38.8,52180.60878,1.093,0.18,10,spex,0.5x15,Prism,2001B072,Kelley,,,,,,,,,,
spec0501.a.fits,A,SAO93012,standard,fixed,+02:35:20.85,+13:08:33.8,2001/9/28,39:24.7,52180.6107,1.182,0.5,1,spex,0.5x15,Prism,2001B072,Kelley,HD  16084,G5,Star,9.46,8.23,7.853406,6.009,5.433,5.284,
spec0502.b.fits,B,SAO93012,standard,fixed,+02:35:20.84,+13:08:41.4,2001/9/28,39:31.6,52180.61078,1.182,0.5,1,spex,0.5x15,Prism,2001B072,Kelley,HD  16084,G5,Star,9.46,8.23,7.853406,6.009,5.433,5.284,
spec0503.b.fits,B,SAO93012,standard,fixed,+02:35:20.84,+13:08:41.4,2001/9/28,39:33.4,52180.6108,1.182,0.5,1,spex,0.5x15,Prism,2001B072,Kelley,HD  16084,G5,Star,9.46,8.23,7.853406,6.009,5.433,5.284,
spec0504.a.fits,A,SAO93012,standard,fixed,+02:35:20.87,+13:08:33.8,2001/9/28,39:40.3,52180.61088,1.183,0.5,1,spex,0.5x15,Prism,2001B072,Kelley,HD  16084,G5,Star,9.46,8.23,7.853406,6.009,5.433,5.284,
spec0505.a.fits,A,SAO93012,standard,fixed,+02:35:20.87,+13:08:33.8,2001/9/28,39:42.1,52180.6109,1.183,0.5,1,spex,0.5x15,Prism,2001B072,Kelley,HD  16084,G5,Star,9.46,8.23,7.853406,6.009,5.433,5.284,
spec0506.b.fits,B,SAO93012,standard,fixed,+02:35:20.85,+13:08:41.3,2001/9/28,39:49.0,52180.61098,1.183,0.5,1,spex,0.5x15,Prism,2001B072,Kelley,HD  16084,G5,Star,9.46,8.23,7.853406,6.009,5.433,5.284,
spec0507.b.fits,B,SAO93012,standard,fixed,+02:35:20.85,+13:08:41.3,2001/9/28,39:50.8,52180.611,1.183,0.5,1,spex,0.5x15,Prism,2001B072,Kelley,HD  16084,G5,Star,9.46,8.23,7.853406,6.009,5.433,5.284,
spec0508.a.fits,A,SAO93012,standard,fixed,+02:35:20.87,+13:08:33.8,2001/9/28,39:57.8,52180.61109,1.184,0.5,1,spex,0.5x15,Prism,2001B072,Kelley,HD  16084,G5,Star,9.46,8.23,7.853406,6.009,5.433,5.284,
spec0509.a.fits,A,SAO93012,standard,fixed,+02:35:20.87,+13:08:33.8,2001/9/28,39:59.6,52180.61111,1.184,0.5,1,spex,0.5x15,Prism,2001B072,Kelley,HD  16084,G5,Star,9.46,8.23,7.853406,6.009,5.433,5.284,
spec0510.b.fits,B,SAO93012,standard,fixed,+02:35:20.86,+13:08:41.4,2001/9/28,40:06.6,52180.61119,1.184,0.5,1,spex,0.5x15,Prism,2001B072,Kelley,HD  16084,G5,Star,9.46,8.23,7.853406,6.009,5.433,5.284,
spec0511.b.fits,B,SAO93012,standard,fixed,+02:35:20.86,+13:08:41.4,2001/9/28,40:08.4,52180.61121,1.184,0.5,1,spex,0.5x15,Prism,2001B072,Kelley,HD  16084,G5,Star,9.46,8.23,7.853406,6.009,5.433,5.284,
spec0512.a.fits,A,SAO93012,standard,fixed,+02:35:20.89,+13:08:33.9,2001/9/28,40:15.3,52180.61129,1.184,0.5,1,spex,0.5x15,Prism,2001B072,Kelley,HD  16084,G5,Star,9.46,8.23,7.853406,6.009,5.433,5.284,
spec0513.a.fits,A,SAO93936 (Hyades64),standard,moving,+04:26:38.58,+16:44:49.2,2001/9/28,42:37.4,52180.61293,1.006,0.75,1,spex,0.5x15,Prism,2001B072,Kelley,HD  28099,G2+V,BYDraV*,8.78,8.12,7.950683,6.893,6.643,6.547,
spec0514.b.fits,B,SAO93936 (Hyades64),standard,moving,+04:26:38.56,+16:44:56.7,2001/9/28,42:44.9,52180.61302,1.006,0.75,1,spex,0.5x15,Prism,2001B072,Kelley,HD  28099,G2+V,BYDraV*,8.78,8.12,7.950683,6.893,6.643,6.547,
spec0515.b.fits,B,SAO93936 (Hyades64),standard,moving,+04:26:38.56,+16:44:56.7,2001/9/28,42:47.2,52180.61305,1.006,0.75,1,spex,0.5x15,Prism,2001B072,Kelley,HD  28099,G2+V,BYDraV*,8.78,8.12,7.950683,6.893,6.643,6.547,
spec0516.a.fits,A,SAO93936 (Hyades64),standard,moving,+04:26:38.58,+16:44:49.2,2001/9/28,42:54.6,52180.61313,1.006,0.75,1,spex,0.5x15,Prism,2001B072,Kelley,HD  28099,G2+V,BYDraV*,8.78,8.12,7.950683,6.893,6.643,6.547,
spec0517.a.fits,A,SAO93936 (Hyades64),standard,moving,+04:26:38.58,+16:44:49.3,2001/9/28,42:57.0,52180.61316,1.006,0.75,1,spex,0.5x15,Prism,2001B072,Kelley,HD  28099,G2+V,BYDraV*,8.78,8.12,7.950683,6.893,6.643,6.547,
spec0518.b.fits,B,SAO93936 (Hyades64),standard,moving,+04:26:38.55,+16:44:56.8,2001/9/28,43:04.4,52180.61325,1.006,0.75,1,spex,0.5x15,Prism,2001B072,Kelley,HD  28099,G2+V,BYDraV*,8.78,8.12,7.950683,6.893,6.643,6.547,
spec0519.b.fits,B,SAO93936 (Hyades64),standard,moving,+04:26:38.56,+16:44:56.8,2001/9/28,43:06.8,52180.61327,1.006,0.75,1,spex,0.5x15,Prism,2001B072,Kelley,HD  28099,G2+V,BYDraV*,8.78,8.12,7.950683,6.893,6.643,6.547,
spec0520.a.fits,A,SAO93936 (Hyades64),standard,moving,+04:26:38.57,+16:44:49.3,2001/9/28,43:14.2,52180.61336,1.007,0.75,1,spex,0.5x15,Prism,2001B072,Kelley,HD  28099,G2+V,BYDraV*,8.78,8.12,7.950683,6.893,6.643,6.547,
spec0521.a.fits,A,SAO93936 (Hyades64),standard,moving,+04:26:38.57,+16:44:49.3,2001/9/28,43:16.5,52180.61339,1.007,0.75,1,spex,0.5x15,Prism,2001B072,Kelley,HD  28099,G2+V,BYDraV*,8.78,8.12,7.950683,6.893,6.643,6.547,
spec0522.b.fits,B,SAO93936 (Hyades64),standard,moving,+04:26:38.56,+16:44:56.8,2001/9/28,43:23.9,52180.61347,1.007,0.75,1,spex,0.5x15,Prism,2001B072,Kelley,HD  28099,G2+V,BYDraV*,8.78,8.12,7.950683,6.893,6.643,6.547,
spec0523.b.fits,B,SAO93936 (Hyades64),standard,moving,+04:26:38.55,+16:44:56.8,2001/9/28,43:26.3,52180.6135,1.007,0.75,1,spex,0.5x15,Prism,2001B072,Kelley,HD  28099,G2+V,BYDraV*,8.78,8.12,7.950683,6.893,6.643,6.547,
spec0524.a.fits,A,SAO93936 (Hyades64),standard,moving,+04:26:38.57,+16:44:49.3,2001/9/28,43:33.6,52180.61358,1.007,0.75,1,spex,0.5x15,Prism,2001B072,Kelley,HD  28099,G2+V,BYDraV*,8.78,8.12,7.950683,6.893,6.643,6.547,
spec0525.a.fits,A,1086 Nata,target,fixed,+03:27:56.85,+30:03:25.9,2001/9/28,48:31.0,52180.61703,1.085,120,1,spex,0.5x15,Prism,2001B072,Kelley,,,,,,,,,,
spec0526.b.fits,B,1086 Nata,target,fixed,+03:27:56.83,+30:03:33.5,2001/9/28,50:53.9,52180.61868,1.089,120,1,spex,0.5x15,Prism,2001B072,Kelley,,,,,,,,,,
spec0527.b.fits,B,1086 Nata,target,fixed,+03:27:56.84,+30:03:33.6,2001/9/28,53:11.8,52180.62027,1.093,120,1,spex,0.5x15,Prism,2001B072,Kelley,,,,,,,,,,
spec0528.a.fits,A,1086 Nata,target,fixed,+03:27:56.87,+30:03:26.4,2001/9/28,55:34.7,52180.62193,1.097,120,1,spex,0.5x15,Prism,2001B072,Kelley,,,,,,,,,,
spec0529.a.fits,A,1086 Nata,target,fixed,+03:27:56.92,+30:03:26.6,2001/9/28,57:52.5,52180.62352,1.102,120,1,spex,0.5x15,Prism,2001B072,Kelley,,,,,,,,,,
spec0530.b.fits,B,1086 Nata,target,fixed,+03:27:56.93,+30:03:34.4,2001/9/28,00:15.4,52180.62518,1.106,120,1,spex,0.5x15,Prism,2001B072,Kelley,,,,,,,,,,
spec0531.a.fits,A,135 Hertha,target,moving,+07:36:54.35,+23:43:12.1,2001/9/28,07:04.0,52180.62991,1.187,120,1,spex,0.5x15,Prism,2001B072,Kelley,,,,,,,,,,
spec0532.b.fits,B,135 Hertha,target,moving,+07:36:54.45,+23:43:18.9,2001/9/28,09:26.9,52180.63156,1.18,120,1,spex,0.5x15,Prism,2001B072,Kelley,,,,,,,,,,
spec0533.a.fits,A,135 Hertha,target,moving,+07:36:54.64,+23:43:10.7,2001/9/28,12:43.5,52180.63384,1.17,120,1,spex,0.5x15,Prism,2001B072,Kelley,,,,,,,,,,
spec0534.b.fits,B,135 Hertha,target,moving,+07:36:54.79,+23:43:17.7,2001/9/28,15:06.5,52180.63549,1.164,120,1,spex,0.5x15,Prism,2001B072,Kelley,,,,,,,,,,
spec0535.b.fits,B,135 Hertha,target,moving,+07:36:54.94,+23:43:17.2,2001/9/28,17:24.3,52180.63709,1.158,120,1,spex,0.5x15,Prism,2001B072,Kelley,,,,,,,,,,
spec0536.a.fits,A,135 Hertha,target,moving,+07:36:55.10,+23:43:09.3,2001/9/28,19:47.2,52180.63874,1.151,120,1,spex,0.5x15,Prism,2001B072,Kelley,,,,,,,,,,
spec0537.a.fits,A,135 Hertha,target,moving,+07:36:55.26,+23:43:08.9,2001/9/28,22:05.0,52180.64034,1.145,120,1,spex,0.5x15,Prism,2001B072,Kelley,,,,,,,,,,
spec0538.b.fits,B,135 Hertha,target,moving,+07:36:55.40,+23:43:15.9,2001/9/28,24:27.9,52180.64199,1.139,120,1,spex,0.5x15,Prism,2001B072,Kelley,,,,,,,,,,
spec0539.b.fits,B,135 Hertha,target,moving,+07:36:55.53,+23:43:15.5,2001/9/28,26:45.9,52180.64359,1.133,120,1,spex,0.5x15,Prism,2001B072,Kelley,,,,,,,,,,
spec0540.a.fits,A,135 Hertha,target,moving,+07:36:55.73,+23:43:07.4,2001/9/28,29:09.0,52180.64524,1.128,120,1,spex,0.5x15,Prism,2001B072,Kelley,,,,,,,,,,
spec0541.a.fits,A,SAO93012,standard,fixed,+02:35:20.80,+13:08:34.2,2001/9/28,35:30.7,52180.64966,1.425,0.5,1,spex,0.5x15,Prism,2001B072,Kelley,HD  16084,G5,Star,9.46,8.23,7.853406,6.009,5.433,5.284,
spec0542.b.fits,B,SAO93012,standard,fixed,+02:35:20.79,+13:08:41.7,2001/9/28,35:38.8,52180.64975,1.425,0.5,1,spex,0.5x15,Prism,2001B072,Kelley,HD  16084,G5,Star,9.46,8.23,7.853406,6.009,5.433,5.284,
spec0543.b.fits,B,SAO93012,standard,fixed,+02:35:20.79,+13:08:41.7,2001/9/28,35:42.3,52180.64979,1.426,0.5,1,spex,0.5x15,Prism,2001B072,Kelley,HD  16084,G5,Star,9.46,8.23,7.853406,6.009,5.433,5.284,
spec0544.a.fits,A,SAO93012,standard,fixed,+02:35:20.81,+13:08:34.1,2001/9/28,35:49.1,52180.64987,1.426,0.5,1,spex,0.5x15,Prism,2001B072,Kelley,HD  16084,G5,Star,9.46,8.23,7.853406,6.009,5.433,5.284,
spec0545.a.fits,A,SAO93012,standard,fixed,+02:35:20.81,+13:08:34.1,2001/9/28,35:50.9,52180.6499,1.426,0.5,1,spex,0.5x15,Prism,2001B072,Kelley,HD  16084,G5,Star,9.46,8.23,7.853406,6.009,5.433,5.284,
spec0546.b.fits,B,SAO93012,standard,fixed,+02:35:20.79,+13:08:41.7,2001/9/28,35:57.9,52180.64998,1.427,0.5,1,spex,0.5x15,Prism,2001B072,Kelley,HD  16084,G5,Star,9.46,8.23,7.853406,6.009,5.433,5.284,
spec0547.b.fits,B,SAO93012,standard,fixed,+02:35:20.80,+13:08:41.7,2001/9/28,35:59.7,52180.65,1.427,0.5,1,spex,0.5x15,Prism,2001B072,Kelley,HD  16084,G5,Star,9.46,8.23,7.853406,6.009,5.433,5.284,
spec0548.a.fits,A,SAO93012,standard,fixed,+02:35:20.82,+13:08:34.0,2001/9/28,36:06.8,52180.65008,1.428,0.5,1,spex,0.5x15,Prism,2001B072,Kelley,HD  16084,G5,Star,9.46,8.23,7.853406,6.009,5.433,5.284,
spec0549.a.fits,A,SAO93012,standard,fixed,+02:35:20.82,+13:08:34.2,2001/9/28,36:10.3,52180.65012,1.428,0.5,1,spex,0.5x15,Prism,2001B072,Kelley,HD  16084,G5,Star,9.46,8.23,7.853406,6.009,5.433,5.284,
spec0550.b.fits,B,SAO93012,standard,fixed,+02:35:20.80,+13:08:41.7,2001/9/28,36:17.2,52180.6502,1.429,0.5,1,spex,0.5x15,Prism,2001B072,Kelley,HD  16084,G5,Star,9.46,8.23,7.853406,6.009,5.433,5.284,
spec0551.b.fits,B,SAO93012,standard,fixed,+02:35:20.80,+13:08:41.7,2001/9/28,36:19.0,52180.65022,1.429,0.5,1,spex,0.5x15,Prism,2001B072,Kelley,HD  16084,G5,Star,9.46,8.23,7.853406,6.009,5.433,5.284,
spec0552.a.fits,A,SAO93012,standard,fixed,+02:35:20.82,+13:08:34.2,2001/9/28,36:25.9,52180.6503,1.43,0.5,1,spex,0.5x15,Prism,2001B072,Kelley,HD  16084,G5,Star,9.46,8.23,7.853406,6.009,5.433,5.284,
spec0553.a.fits,A,SAO93936 Hyades64,standard,fixed,+04:26:40.12,+16:44:49.0,2001/9/28,38:27.0,52180.6517,1.058,0.75,1,spex,0.5x15,Prism,2001B072,Kelley,HD  28099,G2+V,BYDraV*,8.78,8.12,7.950683,6.893,6.643,6.547,
spec0554.b.fits,B,SAO93936 Hyades64,standard,fixed,+04:26:40.10,+16:44:56.5,2001/9/28,38:34.4,52180.65179,1.059,0.75,1,spex,0.5x15,Prism,2001B072,Kelley,HD  28099,G2+V,BYDraV*,8.78,8.12,7.950683,6.893,6.643,6.547,
spec0555.b.fits,B,SAO93936 Hyades64,standard,fixed,+04:26:40.10,+16:44:56.5,2001/9/28,38:36.8,52180.65181,1.059,0.75,1,spex,0.5x15,Prism,2001B072,Kelley,HD  28099,G2+V,BYDraV*,8.78,8.12,7.950683,6.893,6.643,6.547,
spec0556.a.fits,A,SAO93936 Hyades64,standard,fixed,+04:26:40.12,+16:44:49.0,2001/9/28,38:44.4,52180.6519,1.059,0.75,1,spex,0.5x15,Prism,2001B072,Kelley,HD  28099,G2+V,BYDraV*,8.78,8.12,7.950683,6.893,6.643,6.547,
spec0557.a.fits,A,SAO93936 Hyades64,standard,fixed,+04:26:40.12,+16:44:49.0,2001/9/28,38:49.1,52180.65196,1.059,0.75,1,spex,0.5x15,Prism,2001B072,Kelley,HD  28099,G2+V,BYDraV*,8.78,8.12,7.950683,6.893,6.643,6.547,
spec0558.b.fits,B,SAO93936 Hyades64,standard,fixed,+04:26:40.10,+16:44:56.7,2001/9/28,38:56.5,52180.65204,1.059,0.75,1,spex,0.5x15,Prism,2001B072,Kelley,HD  28099,G2+V,BYDraV*,8.78,8.12,7.950683,6.893,6.643,6.547,
spec0559.b.fits,B,SAO93936 Hyades64,standard,fixed,+04:26:40.11,+16:44:56.7,2001/9/28,38:58.9,52180.65207,1.059,0.75,1,spex,0.5x15,Prism,2001B072,Kelley,HD  28099,G2+V,BYDraV*,8.78,8.12,7.950683,6.893,6.643,6.547,
spec0560.a.fits,A,SAO93936 Hyades64,standard,fixed,+04:26:40.12,+16:44:49.0,2001/9/28,39:06.3,52180.65216,1.06,0.75,1,spex,0.5x15,Prism,2001B072,Kelley,HD  28099,G2+V,BYDraV*,8.78,8.12,7.950683,6.893,6.643,6.547,
spec0561.a.fits,A,SAO93936 Hyades64,standard,fixed,+04:26:40.13,+16:44:49.0,2001/9/28,39:08.6,52180.65218,1.06,0.75,1,spex,0.5x15,Prism,2001B072,Kelley,HD  28099,G2+V,BYDraV*,8.78,8.12,7.950683,6.893,6.643,6.547,
spec0562.b.fits,B,SAO93936 Hyades64,standard,fixed,+04:26:40.10,+16:44:56.6,2001/9/28,39:16.0,52180.65227,1.06,0.75,1,spex,0.5x15,Prism,2001B072,Kelley,HD  28099,G2+V,BYDraV*,8.78,8.12,7.950683,6.893,6.643,6.547,
spec0563.b.fits,B,SAO93936 Hyades64,standard,fixed,+04:26:40.11,+16:44:56.6,2001/9/28,39:18.4,52180.6523,1.06,0.75,1,spex,0.5x15,Prism,2001B072,Kelley,HD  28099,G2+V,BYDraV*,8.78,8.12,7.950683,6.893,6.643,6.547,
spec0564.a.fits,A,SAO93936 Hyades64,standard,fixed,+04:26:40.11,+16:44:49.0,2001/9/28,39:25.8,52180.65238,1.06,0.75,1,spex,0.5x15,Prism,2001B072,Kelley,HD  28099,G2+V,BYDraV*,8.78,8.12,7.950683,6.893,6.643,6.547,
flat0565.a.fits,A,flat lamp,calibration,fixed,+04:26:40.13,+16:44:49.0,2001/9/28,40:16.8,52180.65297,1.062,1.05,12,spex,0.5x15,Prism,2001B072,Kelley,,,,,,,,,,
flat0566.a.fits,A,flat lamp,calibration,fixed,+04:26:40.13,+16:44:49.0,2001/9/28,40:44.5,52180.65329,1.063,1.05,12,spex,0.5x15,Prism,2001B072,Kelley,,,,,,,,,,
flat0567.a.fits,A,flat lamp,calibration,fixed,+04:26:40.13,+16:44:49.0,2001/9/28,41:10.8,52180.6536,1.063,1.05,12,spex,0.5x15,Prism,2001B072,Kelley,,,,,,,,,,
arc0568.a.fits,A,arc lamp,calibration,fixed,+04:26:40.13,+16:44:48.9,2001/9/28,41:43.7,52180.65398,1.064,0.18,10,spex,0.5x15,Prism,2001B072,Kelley,,,,,,,,,,
arc0569.a.fits,A,arc lamp,calibration,fixed,+04:26:40.13,+16:44:48.9,2001/9/28,41:48.2,52180.65403,1.064,0.18,10,spex,0.5x15,Prism,2001B072,Kelley,,,,,,,,,,
arc0570.a.fits,A,arc lamp,calibration,fixed,+04:26:40.13,+16:44:48.9,2001/9/28,41:52.9,52180.65408,1.064,0.18,10,spex,0.5x15,Prism,2001B072,Kelley,,,,,,,,,,
arc0571.a.fits,A,arc lamp,calibration,fixed,+04:26:40.13,+16:44:48.9,2001/9/28,41:57.7,52180.65414,1.064,0.18,10,spex,0.5x15,Prism,2001B072,Kelley,,,,,,,,,,
arc0572.a.fits,A,arc lamp,calibration,fixed,+04:26:40.14,+16:44:48.9,2001/9/28,42:02.4,52180.65419,1.064,0.18,10,spex,0.5x15,Prism,2001B072,Kelley,,,,,,,,,,
