FILE,BEAM,TARGET_NAME,TARGET_TYPE,FIXED-MOVING,RA,DEC,UT_DATE,UT_TIME,MJD,AIRMASS,INTEGRATION,COADDS,INSTRUMENT,SLIT,MODE,PROGRAM,OBSERVER,SIMBAD_NAME,SIMBAD_TYPE,SIMBAD_CLASS,SIMBAD_BMAG,SIMBAD_VMAG,SIMBAD_GMAG,SIMBAD_JMAG,SIMBAD_HMAG,SIMBAD_KMAG,NOTES
spec0001.a.fits,A,824 Anastasia,target,moving,+19:24:44.44,-20:29:49.2,2001/9/29,01:07.7,52181.20912,1.313,120,1,spex,0.5x15,Prism,2001B072,Kelley,,,,,,,,,,
spec0002.b.fits,B,824 Anastasia,target,moving,+19:24:44.49,-20:29:41.9,2001/9/29,03:24.3,52181.2107,1.313,120,1,spex,0.5x15,Prism,2001B072,Kelley,,,,,,,,,,
spec0003.a.fits,A,824 Anastasia,target,moving,+19:24:44.66,-20:29:49.6,2001/9/29,06:49.8,52181.21308,1.312,120,1,spex,0.5x15,Prism,2001B072,Kelley,,,,,,,,,,
spec0004.b.fits,B,824 Anastasia,target,moving,+19:24:44.76,-20:29:42.2,2001/9/29,09:06.4,52181.21466,1.312,120,1,spex,0.5x15,Prism,2001B072,Kelley,,,,,,,,,,
spec0005.b.fits,B,824 Anastasia,target,moving,+19:24:44.87,-20:29:42.4,2001/9/29,11:17.9,52181.21618,1.312,120,1,spex,0.5x15,Prism,2001B072,Kelley,,,,,,,,,,
spec0006.a.fits,A,824 Anastasia,target,moving,+19:24:44.98,-20:29:50.2,2001/9/29,13:34.4,52181.21776,1.312,120,1,spex,0.5x15,Prism,2001B072,Kelley,,,,,,,,,,
spec0007.a.fits,A,824 Anastasia,target,moving,+19:24:45.04,-20:29:50.5,2001/9/29,15:46.1,52181.21928,1.312,120,1,spex,0.5x15,Prism,2001B072,Kelley,,,,,,,,,,
spec0008.b.fits,B,824 Anastasia,target,moving,+19:24:45.09,-20:29:43.1,2001/9/29,18:02.7,52181.22086,1.312,120,1,spex,0.5x15,Prism,2001B072,Kelley,,,,,,,,,,
spec0009.b.fits,B,824 Anastasia,target,moving,+19:24:45.15,-20:29:43.2,2001/9/29,20:14.2,52181.22239,1.312,120,1,spex,0.5x15,Prism,2001B072,Kelley,,,,,,,,,,
spec0010.a.fits,A,824 Anastasia,target,moving,+19:24:45.25,-20:29:51.1,2001/9/29,22:30.8,52181.22397,1.313,120,1,spex,0.5x15,Prism,2001B072,Kelley,,,,,,,,,,
spec0011.a.fits,A,44 Nysa,target,moving,+19:44:29.05,-21:29:36.9,2001/9/29,29:55.9,52181.22912,1.332,30,1,spex,0.5x15,Prism,2001B072,Kelley,,,,,,,,,,
spec0012.b.fits,B,44 Nysa,target,moving,+19:44:29.05,-21:29:29.6,2001/9/29,30:42.5,52181.22966,1.332,30,1,spex,0.5x15,Prism,2001B072,Kelley,,,,,,,,,,
spec0013.a.fits,A,44 Nysa,target,moving,+19:44:29.10,-21:29:37.1,2001/9/29,32:06.4,52181.23063,1.331,30,1,spex,0.5x15,Prism,2001B072,Kelley,,,,,,,,,,
spec0014.b.fits,B,44 Nysa,target,moving,+19:44:29.08,-21:29:29.8,2001/9/29,32:52.9,52181.23117,1.331,30,1,spex,0.5x15,Prism,2001B072,Kelley,,,,,,,,,,
spec0015.b.fits,B,44 Nysa,target,moving,+19:44:29.09,-21:29:29.8,2001/9/29,33:34.4,52181.23165,1.331,30,1,spex,0.5x15,Prism,2001B072,Kelley,,,,,,,,,,
spec0016.a.fits,A,44 Nysa,target,moving,+19:44:29.13,-21:29:37.3,2001/9/29,34:21.0,52181.23219,1.331,30,1,spex,0.5x15,Prism,2001B072,Kelley,,,,,,,,,,
spec0017.a.fits,A,44 Nysa,target,moving,+19:44:29.16,-21:29:37.2,2001/9/29,35:02.5,52181.23267,1.331,30,1,spex,0.5x15,Prism,2001B072,Kelley,,,,,,,,,,
spec0018.b.fits,B,44 Nysa,target,moving,+19:44:29.12,-21:29:29.8,2001/9/29,35:49.1,52181.23321,1.331,30,1,spex,0.5x15,Prism,2001B072,Kelley,,,,,,,,,,
spec0019.b.fits,B,44 Nysa,target,moving,+19:44:29.13,-21:29:29.9,2001/9/29,36:30.6,52181.23369,1.331,30,1,spex,0.5x15,Prism,2001B072,Kelley,,,,,,,,,,
spec0020.a.fits,A,44 Nysa,target,moving,+19:44:29.14,-21:29:37.3,2001/9/29,37:17.4,52181.23423,1.332,30,1,spex,0.5x15,Prism,2001B072,Kelley,,,,,,,,,,
spec0021.a.fits,A,44 Nysa,target,moving,+19:44:29.15,-21:29:37.2,2001/9/29,37:58.8,52181.23471,1.332,30,1,spex,0.5x15,Prism,2001B072,Kelley,,,,,,,,,,
spec0022.b.fits,B,44 Nysa,target,moving,+19:44:29.14,-21:29:30.0,2001/9/29,38:45.4,52181.23525,1.332,30,1,spex,0.5x15,Prism,2001B072,Kelley,,,,,,,,,,
spec0023.b.fits,B,44 Nysa,target,moving,+19:44:29.17,-21:29:29.8,2001/9/29,39:27.0,52181.23573,1.332,30,1,spex,0.5x15,Prism,2001B072,Kelley,,,,,,,,,,
spec0024.a.fits,A,44 Nysa,target,moving,+19:44:29.17,-21:29:37.5,2001/9/29,40:13.6,52181.23627,1.332,30,1,spex,0.5x15,Prism,2001B072,Kelley,,,,,,,,,,
spec0025.a.fits,A,44 Nysa,target,moving,+19:44:29.18,-21:29:37.6,2001/9/29,40:56.1,52181.23676,1.332,30,1,spex,0.5x15,Prism,2001B072,Kelley,,,,,,,,,,
spec0026.b.fits,B,44 Nysa,target,moving,+19:44:29.16,-21:29:30.1,2001/9/29,41:42.7,52181.2373,1.332,30,1,spex,0.5x15,Prism,2001B072,Kelley,,,,,,,,,,
spec0027.b.fits,B,44 Nysa,target,moving,+19:44:29.18,-21:29:30.0,2001/9/29,42:24.2,52181.23778,1.332,30,1,spex,0.5x15,Prism,2001B072,Kelley,,,,,,,,,,
spec0028.a.fits,A,44 Nysa,target,moving,+19:44:29.20,-21:29:37.6,2001/9/29,43:10.8,52181.23832,1.333,30,1,spex,0.5x15,Prism,2001B072,Kelley,,,,,,,,,,
spec0029.a.fits,A,SAO143111,standard,fixed,+19:11:09.79,-02:38:20.0,2001/9/29,46:05.2,52181.24034,1.104,1,1,spex,0.5x15,Prism,2001B072,Kelley,HD 179079,G5IV,HighPM*,8.66,7.96,7.787227,6.734,6.402,6.311,
spec0030.b.fits,B,SAO143111,standard,fixed,+19:11:09.76,-02:38:12.3,2001/9/29,46:13.2,52181.24043,1.104,1,1,spex,0.5x15,Prism,2001B072,Kelley,HD 179079,G5IV,HighPM*,8.66,7.96,7.787227,6.734,6.402,6.311,
spec0031.b.fits,B,SAO143111,standard,fixed,+19:11:09.75,-02:38:12.4,2001/9/29,46:16.1,52181.24046,1.104,1,1,spex,0.5x15,Prism,2001B072,Kelley,HD 179079,G5IV,HighPM*,8.66,7.96,7.787227,6.734,6.402,6.311,
spec0032.a.fits,A,SAO143111,standard,fixed,+19:11:09.75,-02:38:20.0,2001/9/29,46:24.1,52181.24056,1.104,1,1,spex,0.5x15,Prism,2001B072,Kelley,HD 179079,G5IV,HighPM*,8.66,7.96,7.787227,6.734,6.402,6.311,
spec0033.a.fits,A,SAO143111,standard,fixed,+19:11:09.77,-02:38:20.0,2001/9/29,46:27.2,52181.24059,1.104,1,1,spex,0.5x15,Prism,2001B072,Kelley,HD 179079,G5IV,HighPM*,8.66,7.96,7.787227,6.734,6.402,6.311,
spec0034.b.fits,B,SAO143111,standard,fixed,+19:11:09.76,-02:38:12.3,2001/9/29,46:35.2,52181.24069,1.104,1,1,spex,0.5x15,Prism,2001B072,Kelley,HD 179079,G5IV,HighPM*,8.66,7.96,7.787227,6.734,6.402,6.311,
spec0035.b.fits,B,SAO143111,standard,fixed,+19:11:09.76,-02:38:12.3,2001/9/29,46:38.2,52181.24072,1.104,1,1,spex,0.5x15,Prism,2001B072,Kelley,HD 179079,G5IV,HighPM*,8.66,7.96,7.787227,6.734,6.402,6.311,
spec0036.a.fits,A,SAO143111,standard,fixed,+19:11:09.75,-02:38:20.0,2001/9/29,46:46.1,52181.24081,1.105,1,1,spex,0.5x15,Prism,2001B072,Kelley,HD 179079,G5IV,HighPM*,8.66,7.96,7.787227,6.734,6.402,6.311,
spec0037.a.fits,A,SAO143111,standard,fixed,+19:11:09.78,-02:38:19.8,2001/9/29,46:49.1,52181.24085,1.105,1,1,spex,0.5x15,Prism,2001B072,Kelley,HD 179079,G5IV,HighPM*,8.66,7.96,7.787227,6.734,6.402,6.311,
spec0038.b.fits,B,SAO143111,standard,fixed,+19:11:09.77,-02:38:12.3,2001/9/29,46:57.1,52181.24094,1.105,1,1,spex,0.5x15,Prism,2001B072,Kelley,HD 179079,G5IV,HighPM*,8.66,7.96,7.787227,6.734,6.402,6.311,
spec0039.a.fits,A,SAO164082,standard,moving,+21:02:33.81,-15:28:27.7,2001/9/29,49:08.7,52181.24246,1.279,0.5,1,spex,0.5x15,Prism,2001B072,Kelley,HD 200213,K0III,HighPM*,8.69,7.79,7.561431,6.186,5.718,5.662,
spec0040.b.fits,B,SAO164082,standard,moving,+21:02:33.83,-15:28:20.2,2001/9/29,49:15.5,52181.24254,1.279,0.5,1,spex,0.5x15,Prism,2001B072,Kelley,HD 200213,K0III,HighPM*,8.69,7.79,7.561431,6.186,5.718,5.662,
spec0041.b.fits,B,SAO164082,standard,moving,+21:02:33.80,-15:28:20.3,2001/9/29,49:17.5,52181.24256,1.279,0.5,1,spex,0.5x15,Prism,2001B072,Kelley,HD 200213,K0III,HighPM*,8.69,7.79,7.561431,6.186,5.718,5.662,
spec0042.a.fits,A,SAO164082,standard,moving,+21:02:33.80,-15:28:27.9,2001/9/29,49:24.3,52181.24264,1.278,0.5,1,spex,0.5x15,Prism,2001B072,Kelley,HD 200213,K0III,HighPM*,8.69,7.79,7.561431,6.186,5.718,5.662,
spec0043.a.fits,A,SAO164082,standard,moving,+21:02:33.83,-15:28:27.7,2001/9/29,49:26.0,52181.24266,1.278,0.5,1,spex,0.5x15,Prism,2001B072,Kelley,HD 200213,K0III,HighPM*,8.69,7.79,7.561431,6.186,5.718,5.662,
spec0044.b.fits,B,SAO164082,standard,moving,+21:02:33.85,-15:28:20.0,2001/9/29,49:32.9,52181.24274,1.278,0.5,1,spex,0.5x15,Prism,2001B072,Kelley,HD 200213,K0III,HighPM*,8.69,7.79,7.561431,6.186,5.718,5.662,
spec0045.b.fits,B,SAO164082,standard,moving,+21:02:33.85,-15:28:20.0,2001/9/29,49:34.7,52181.24276,1.278,0.5,1,spex,0.5x15,Prism,2001B072,Kelley,HD 200213,K0III,HighPM*,8.69,7.79,7.561431,6.186,5.718,5.662,
spec0046.a.fits,A,SAO164082,standard,moving,+21:02:33.82,-15:28:27.7,2001/9/29,49:41.5,52181.24284,1.278,0.5,1,spex,0.5x15,Prism,2001B072,Kelley,HD 200213,K0III,HighPM*,8.69,7.79,7.561431,6.186,5.718,5.662,
spec0047.a.fits,A,SAO164082,standard,moving,+21:02:33.82,-15:28:27.7,2001/9/29,49:43.3,52181.24286,1.278,0.5,1,spex,0.5x15,Prism,2001B072,Kelley,HD 200213,K0III,HighPM*,8.69,7.79,7.561431,6.186,5.718,5.662,
spec0048.b.fits,B,SAO164082,standard,moving,+21:02:33.84,-15:28:20.2,2001/9/29,49:50.2,52181.24294,1.278,0.5,1,spex,0.5x15,Prism,2001B072,Kelley,HD 200213,K0III,HighPM*,8.69,7.79,7.561431,6.186,5.718,5.662,
spec0049.a.fits,A,44 Nysa,target,moving,+19:44:29.74,-21:29:45.3,2001/9/29,52:16.0,52181.24463,1.337,30,1,spex,0.5x15,Prism,2001B072,Kelley,,,,,,,,,,
spec0050.b.fits,B,44 Nysa,target,moving,+19:44:29.74,-21:29:38.2,2001/9/29,53:09.0,52181.24524,1.337,30,1,spex,0.5x15,Prism,2001B072,Kelley,,,,,,,,,,
spec0051.b.fits,B,44 Nysa,target,moving,+19:44:29.74,-21:29:38.2,2001/9/29,53:56.8,52181.2458,1.338,30,1,spex,0.5x15,Prism,2001B072,Kelley,,,,,,,,,,
spec0052.a.fits,A,44 Nysa,target,moving,+19:44:29.78,-21:29:45.6,2001/9/29,54:49.8,52181.24641,1.338,30,1,spex,0.5x15,Prism,2001B072,Kelley,,,,,,,,,,
spec0053.a.fits,A,44 Nysa,target,moving,+19:44:29.78,-21:29:45.6,2001/9/29,55:37.6,52181.24696,1.339,30,1,spex,0.5x15,Prism,2001B072,Kelley,,,,,,,,,,
spec0054.b.fits,B,44 Nysa,target,moving,+19:44:29.78,-21:29:38.3,2001/9/29,56:30.5,52181.24758,1.339,30,1,spex,0.5x15,Prism,2001B072,Kelley,,,,,,,,,,
spec0055.b.fits,B,44 Nysa,target,moving,+19:44:29.78,-21:29:38.3,2001/9/29,57:18.4,52181.24813,1.34,30,1,spex,0.5x15,Prism,2001B072,Kelley,,,,,,,,,,
spec0056.a.fits,A,44 Nysa,target,moving,+19:44:29.84,-21:29:45.8,2001/9/29,58:11.3,52181.24874,1.341,30,1,spex,0.5x15,Prism,2001B072,Kelley,,,,,,,,,,
spec0057.a.fits,A,44 Nysa,target,moving,+19:44:29.85,-21:29:45.9,2001/9/29,58:59.1,52181.2493,1.341,30,1,spex,0.5x15,Prism,2001B072,Kelley,,,,,,,,,,
spec0058.b.fits,B,44 Nysa,target,moving,+19:44:29.84,-21:29:38.4,2001/9/29,59:52.0,52181.24991,1.342,30,1,spex,0.5x15,Prism,2001B072,Kelley,,,,,,,,,,
spec0059.b.fits,B,44 Nysa,target,moving,+19:44:29.86,-21:29:38.6,2001/9/29,00:39.9,52181.25046,1.342,30,1,spex,0.5x15,Prism,2001B072,Kelley,,,,,,,,,,
spec0060.a.fits,A,44 Nysa,target,moving,+19:44:29.90,-21:29:45.9,2001/9/29,01:32.9,52181.25107,1.343,30,1,spex,0.5x15,Prism,2001B072,Kelley,,,,,,,,,,
spec0061.a.fits,A,20 Massalia,target,moving,+19:59:22.20,-19:46:29.0,2001/9/29,11:40.6,52181.25811,1.306,30,1,spex,0.5x15,Prism,2001B072,Kelley,,,,,,,,,,
spec0062.b.fits,B,20 Massalia,target,moving,+19:59:22.19,-19:46:21.6,2001/9/29,12:33.5,52181.25872,1.306,30,1,spex,0.5x15,Prism,2001B072,Kelley,,,,,,,,,,
spec0063.a.fits,A,20 Massalia,target,moving,+19:59:22.22,-19:46:29.1,2001/9/29,13:45.2,52181.25955,1.307,20,1,spex,0.5x15,Prism,2001B072,Kelley,,,,,,,,,,
spec0064.b.fits,B,20 Massalia,target,moving,+19:59:22.19,-19:46:21.5,2001/9/29,14:28.1,52181.26005,1.307,20,1,spex,0.5x15,Prism,2001B072,Kelley,,,,,,,,,,
spec0065.a.fits,A,20 Massalia,target,moving,+19:59:22.25,-19:46:29.1,2001/9/29,15:33.6,52181.26081,1.308,20,1,spex,0.5x15,Prism,2001B072,Kelley,,,,,,,,,,
spec0066.b.fits,B,20 Massalia,target,moving,+19:59:22.24,-19:46:21.6,2001/9/29,16:16.5,52181.2613,1.309,20,1,spex,0.5x15,Prism,2001B072,Kelley,,,,,,,,,,
spec0067.b.fits,B,20 Massalia,target,moving,+19:59:22.24,-19:46:21.6,2001/9/29,16:54.4,52181.26174,1.309,20,1,spex,0.5x15,Prism,2001B072,Kelley,,,,,,,,,,
spec0068.a.fits,A,20 Massalia,target,moving,+19:59:22.29,-19:46:29.1,2001/9/29,17:37.2,52181.26224,1.31,20,1,spex,0.5x15,Prism,2001B072,Kelley,,,,,,,,,,
spec0069.a.fits,A,20 Massalia,target,moving,+19:59:22.29,-19:46:29.0,2001/9/29,18:15.3,52181.26268,1.31,20,1,spex,0.5x15,Prism,2001B072,Kelley,,,,,,,,,,
spec0070.b.fits,B,20 Massalia,target,moving,+19:59:22.28,-19:46:21.6,2001/9/29,18:58.2,52181.26317,1.311,20,1,spex,0.5x15,Prism,2001B072,Kelley,,,,,,,,,,
spec0071.b.fits,B,20 Massalia,target,moving,+19:59:22.28,-19:46:21.6,2001/9/29,19:36.0,52181.26361,1.312,20,1,spex,0.5x15,Prism,2001B072,Kelley,,,,,,,,,,
spec0072.a.fits,A,20 Massalia,target,moving,+19:59:22.32,-19:46:29.0,2001/9/29,20:18.8,52181.26411,1.312,20,1,spex,0.5x15,Prism,2001B072,Kelley,,,,,,,,,,
spec0073.a.fits,A,20 Massalia,target,moving,+19:59:22.33,-19:46:29.0,2001/9/29,20:56.7,52181.26455,1.313,20,1,spex,0.5x15,Prism,2001B072,Kelley,,,,,,,,,,
spec0074.b.fits,B,20 Massalia,target,moving,+19:59:22.32,-19:46:21.5,2001/9/29,21:39.5,52181.26504,1.313,20,1,spex,0.5x15,Prism,2001B072,Kelley,,,,,,,,,,
spec0075.a.fits,A,877 Walkure,target,moving,+20:19:29.34,-22:28:35.7,2001/9/29,25:09.8,52181.26747,1.356,20,1,spex,0.5x15,Prism,2001B072,Kelley,,,,,,,,,,
spec0076.b.fits,B,877 Walkure,target,moving,+20:19:29.35,-22:28:28.1,2001/9/29,25:52.7,52181.26797,1.356,20,1,spex,0.5x15,Prism,2001B072,Kelley,,,,,,,,,,
spec0077.b.fits,B,877 Walkure,target,moving,+20:19:29.34,-22:28:28.1,2001/9/29,26:30.6,52181.26841,1.357,20,1,spex,0.5x15,Prism,2001B072,Kelley,,,,,,,,,,
spec0078.a.fits,A,877 Walkure,target,moving,+20:19:29.39,-22:28:35.6,2001/9/29,27:21.1,52181.26899,1.358,120,1,spex,0.5x15,Prism,2001B072,Kelley,,,,,,,,,,
spec0079.b.fits,B,877 Walkure,ignored,moving,+20:19:29.41,-22:28:28.1,2001/9/29,29:44.0,52181.27065,1.36,120,1,spex,0.5x15,Prism,2001B072,Kelley,,,,,,,,,,
spec0080.b.fits,B,877 Walkure,ignored,moving,+20:19:29.46,-22:28:28.0,2001/9/29,32:01.9,52181.27224,1.362,120,1,spex,0.5x15,Prism,2001B072,Kelley,,,,,,,,,,
spec0081.a.fits,A,877 Walkure,ignored,moving,+20:19:29.53,-22:28:35.7,2001/9/29,34:24.8,52181.2739,1.364,120,1,spex,0.5x15,Prism,2001B072,Kelley,,,,,,,,,,
spec0082.a.fits,A,877 Walkure,ignored,moving,+20:19:29.57,-22:28:35.8,2001/9/29,36:42.5,52181.27549,1.365,120,1,spex,0.5x15,Prism,2001B072,Kelley,,,,,,,,,,
spec0083.b.fits,B,877 Walkure,ignored,moving,+20:19:29.58,-22:28:28.4,2001/9/29,39:05.3,52181.27715,1.368,120,1,spex,0.5x15,Prism,2001B072,Kelley,,,,,,,,,,
spec0084.b.fits,B,877 Walkure,ignored,moving,+20:19:29.63,-22:28:28.3,2001/9/29,41:23.5,52181.27874,1.37,120,1,spex,0.5x15,Prism,2001B072,Kelley,,,,,,,,,,
spec0085.a.fits,A,877 Walkure,ignored,moving,+20:19:29.69,-22:28:35.8,2001/9/29,43:46.4,52181.2804,1.373,120,1,spex,0.5x15,Prism,2001B072,Kelley,,,,,,,,,,
spec0086.a.fits,A,877 Walkure,ignored,moving,+20:19:29.73,-22:28:35.7,2001/9/29,46:04.1,52181.28199,1.376,120,1,spex,0.5x15,Prism,2001B072,Kelley,,,,,,,,,,
spec0087.b.fits,B,877 Walkure,ignored,moving,+20:19:29.75,-22:28:28.5,2001/9/29,48:27.0,52181.28365,1.379,120,1,spex,0.5x15,Prism,2001B072,Kelley,,,,,,,,,,
spec0088.b.fits,B,877 Walkure,ignored,moving,+20:19:29.79,-22:28:28.6,2001/9/29,50:44.8,52181.28524,1.382,120,1,spex,0.5x15,Prism,2001B072,Kelley,,,,,,,,,,
spec0089.a.fits,A,877 Walkure,ignored,moving,+20:19:29.86,-22:28:36.1,2001/9/29,53:07.7,52181.28689,1.385,120,1,spex,0.5x15,Prism,2001B072,Kelley,,,,,,,,,,
spec0090.a.fits,A,SAO143111,standard,fixed,+19:11:09.77,-02:38:19.4,2001/9/29,58:23.0,52181.29054,1.245,1,1,spex,0.5x15,Prism,2001B072,Kelley,HD 179079,G5IV,HighPM*,8.66,7.96,7.787227,6.734,6.402,6.311,
spec0091.b.fits,B,SAO143111,standard,fixed,+19:11:09.77,-02:38:11.8,2001/9/29,58:30.5,52181.29063,1.246,1,1,spex,0.5x15,Prism,2001B072,Kelley,HD 179079,G5IV,HighPM*,8.66,7.96,7.787227,6.734,6.402,6.311,
spec0092.b.fits,B,SAO143111,standard,fixed,+19:11:09.76,-02:38:11.9,2001/9/29,58:33.0,52181.29066,1.246,1,1,spex,0.5x15,Prism,2001B072,Kelley,HD 179079,G5IV,HighPM*,8.66,7.96,7.787227,6.734,6.402,6.311,
spec0093.a.fits,A,SAO143111,standard,fixed,+19:11:09.77,-02:38:19.5,2001/9/29,58:40.5,52181.29075,1.246,1,1,spex,0.5x15,Prism,2001B072,Kelley,HD 179079,G5IV,HighPM*,8.66,7.96,7.787227,6.734,6.402,6.311,
spec0094.a.fits,A,SAO143111,standard,fixed,+19:11:09.80,-02:38:19.5,2001/9/29,58:43.0,52181.29078,1.246,1,1,spex,0.5x15,Prism,2001B072,Kelley,HD 179079,G5IV,HighPM*,8.66,7.96,7.787227,6.734,6.402,6.311,
spec0095.b.fits,B,SAO143111,standard,fixed,+19:11:09.80,-02:38:11.9,2001/9/29,58:50.5,52181.29086,1.247,1,1,spex,0.5x15,Prism,2001B072,Kelley,HD 179079,G5IV,HighPM*,8.66,7.96,7.787227,6.734,6.402,6.311,
spec0096.b.fits,B,SAO143111,standard,fixed,+19:11:09.77,-02:38:12.0,2001/9/29,58:52.9,52181.29089,1.247,1,1,spex,0.5x15,Prism,2001B072,Kelley,HD 179079,G5IV,HighPM*,8.66,7.96,7.787227,6.734,6.402,6.311,
spec0097.a.fits,A,SAO143111,standard,fixed,+19:11:09.78,-02:38:19.6,2001/9/29,59:00.5,52181.29098,1.247,1,1,spex,0.5x15,Prism,2001B072,Kelley,HD 179079,G5IV,HighPM*,8.66,7.96,7.787227,6.734,6.402,6.311,
spec0098.a.fits,A,SAO143111,standard,fixed,+19:11:09.80,-02:38:19.6,2001/9/29,59:03.0,52181.29101,1.247,1,1,spex,0.5x15,Prism,2001B072,Kelley,HD 179079,G5IV,HighPM*,8.66,7.96,7.787227,6.734,6.402,6.311,
spec0099.b.fits,B,SAO143111,standard,fixed,+19:11:09.81,-02:38:12.0,2001/9/29,59:10.5,52181.29109,1.248,1,1,spex,0.5x15,Prism,2001B072,Kelley,HD 179079,G5IV,HighPM*,8.66,7.96,7.787227,6.734,6.402,6.311,
spec0100.a.fits,A,SAO164082,standard,moving,+21:02:34.43,-15:28:25.8,2001/9/29,01:46.3,52181.2929,1.226,0.5,1,spex,0.5x15,Prism,2001B072,Kelley,HD 200213,K0III,HighPM*,8.69,7.79,7.561431,6.186,5.718,5.662,
spec0101.b.fits,B,SAO164082,standard,moving,+21:02:34.41,-15:28:18.4,2001/9/29,01:53.2,52181.29298,1.226,0.5,1,spex,0.5x15,Prism,2001B072,Kelley,HD 200213,K0III,HighPM*,8.69,7.79,7.561431,6.186,5.718,5.662,
spec0102.b.fits,B,SAO164082,standard,moving,+21:02:34.40,-15:28:18.4,2001/9/29,01:55.0,52181.293,1.226,0.5,1,spex,0.5x15,Prism,2001B072,Kelley,HD 200213,K0III,HighPM*,8.69,7.79,7.561431,6.186,5.718,5.662,
spec0103.a.fits,A,SAO164082,standard,moving,+21:02:34.38,-15:28:26.1,2001/9/29,02:01.9,52181.29308,1.226,0.5,1,spex,0.5x15,Prism,2001B072,Kelley,HD 200213,K0III,HighPM*,8.69,7.79,7.561431,6.186,5.718,5.662,
spec0104.a.fits,A,SAO164082,standard,moving,+21:02:34.39,-15:28:26.1,2001/9/29,02:03.7,52181.2931,1.226,0.5,1,spex,0.5x15,Prism,2001B072,Kelley,HD 200213,K0III,HighPM*,8.69,7.79,7.561431,6.186,5.718,5.662,
spec0105.b.fits,B,SAO164082,standard,moving,+21:02:34.41,-15:28:18.4,2001/9/29,02:10.5,52181.29318,1.226,0.5,1,spex,0.5x15,Prism,2001B072,Kelley,HD 200213,K0III,HighPM*,8.69,7.79,7.561431,6.186,5.718,5.662,
spec0106.b.fits,B,SAO164082,standard,moving,+21:02:34.40,-15:28:18.4,2001/9/29,02:12.4,52181.2932,1.226,0.5,1,spex,0.5x15,Prism,2001B072,Kelley,HD 200213,K0III,HighPM*,8.69,7.79,7.561431,6.186,5.718,5.662,
spec0107.a.fits,A,SAO164082,standard,moving,+21:02:34.38,-15:28:26.0,2001/9/29,02:19.2,52181.29328,1.227,0.5,1,spex,0.5x15,Prism,2001B072,Kelley,HD 200213,K0III,HighPM*,8.69,7.79,7.561431,6.186,5.718,5.662,
spec0108.a.fits,A,SAO164082,standard,moving,+21:02:34.40,-15:28:26.0,2001/9/29,02:21.0,52181.2933,1.227,0.5,1,spex,0.5x15,Prism,2001B072,Kelley,HD 200213,K0III,HighPM*,8.69,7.79,7.561431,6.186,5.718,5.662,
spec0109.b.fits,B,SAO164082,standard,moving,+21:02:34.40,-15:28:18.4,2001/9/29,02:27.9,52181.29338,1.227,0.5,1,spex,0.5x15,Prism,2001B072,Kelley,HD 200213,K0III,HighPM*,8.69,7.79,7.561431,6.186,5.718,5.662,
spec0110.a.fits,A,SAO31899 16 CygB,standard,fixed,+19:41:51.92,+50:31:03.6,2001/9/29,06:47.7,52181.29639,1.237,0.3165,1,spex,0.5x15,Prism,2001B072,Kelley,*  16 Cyg B,G3V,HighPM*,6.86,6.2,6.073419,4.99,4.7,4.651,
spec0111.b.fits,B,SAO31899 16 CygB,standard,fixed,+19:41:51.89,+50:31:11.1,2001/9/29,06:54.4,52181.29646,1.237,0.3165,1,spex,0.5x15,Prism,2001B072,Kelley,*  16 Cyg B,G3V,HighPM*,6.86,6.2,6.073419,4.99,4.7,4.651,
spec0112.b.fits,B,SAO31899 16 CygB,standard,fixed,+19:41:51.88,+50:31:11.1,2001/9/29,06:56.0,52181.29648,1.237,0.3165,1,spex,0.5x15,Prism,2001B072,Kelley,*  16 Cyg B,G3V,HighPM*,6.86,6.2,6.073419,4.99,4.7,4.651,
spec0113.a.fits,A,SAO31899 16 CygB,standard,fixed,+19:41:51.88,+50:31:03.5,2001/9/29,07:02.6,52181.29656,1.237,0.3165,1,spex,0.5x15,Prism,2001B072,Kelley,*  16 Cyg B,G3V,HighPM*,6.86,6.2,6.073419,4.99,4.7,4.651,
spec0114.a.fits,A,SAO31899 16 CygB,standard,fixed,+19:41:51.93,+50:31:03.5,2001/9/29,07:04.3,52181.29658,1.237,0.3165,1,spex,0.5x15,Prism,2001B072,Kelley,*  16 Cyg B,G3V,HighPM*,6.86,6.2,6.073419,4.99,4.7,4.651,
spec0115.b.fits,B,SAO31899 16 CygB,standard,fixed,+19:41:51.93,+50:31:11.1,2001/9/29,07:10.9,52181.29665,1.237,0.3165,1,spex,0.5x15,Prism,2001B072,Kelley,*  16 Cyg B,G3V,HighPM*,6.86,6.2,6.073419,4.99,4.7,4.651,
spec0116.b.fits,B,SAO31899 16 CygB,standard,fixed,+19:41:51.93,+50:31:11.1,2001/9/29,07:12.5,52181.29667,1.237,0.3165,1,spex,0.5x15,Prism,2001B072,Kelley,*  16 Cyg B,G3V,HighPM*,6.86,6.2,6.073419,4.99,4.7,4.651,
spec0117.a.fits,A,SAO31899 16 CygB,standard,fixed,+19:41:51.92,+50:31:03.5,2001/9/29,07:19.2,52181.29675,1.237,0.3165,1,spex,0.5x15,Prism,2001B072,Kelley,*  16 Cyg B,G3V,HighPM*,6.86,6.2,6.073419,4.99,4.7,4.651,
spec0118.a.fits,A,SAO31899 16 CygB,standard,fixed,+19:41:51.92,+50:31:03.5,2001/9/29,07:20.9,52181.29677,1.237,0.3165,1,spex,0.5x15,Prism,2001B072,Kelley,*  16 Cyg B,G3V,HighPM*,6.86,6.2,6.073419,4.99,4.7,4.651,
spec0119.b.fits,B,SAO31899 16 CygB,standard,fixed,+19:41:51.92,+50:31:11.1,2001/9/29,07:27.6,52181.29685,1.237,0.3165,1,spex,0.5x15,Prism,2001B072,Kelley,*  16 Cyg B,G3V,HighPM*,6.86,6.2,6.073419,4.99,4.7,4.651,
spec0120.b.fits,B,SAO31899 16 CygB,standard,fixed,+19:41:51.90,+50:31:11.0,2001/9/29,07:29.2,52181.29687,1.238,0.3165,1,spex,0.5x15,Prism,2001B072,Kelley,*  16 Cyg B,G3V,HighPM*,6.86,6.2,6.073419,4.99,4.7,4.651,
spec0121.a.fits,A,SAO31899 16 CygB,standard,fixed,+19:41:51.89,+50:31:03.4,2001/9/29,07:35.9,52181.29694,1.238,0.3165,1,spex,0.5x15,Prism,2001B072,Kelley,*  16 Cyg B,G3V,HighPM*,6.86,6.2,6.073419,4.99,4.7,4.651,
spec0122.a.fits,A,SAO49262,standard,fixed,+20:10:13.29,+43:56:44.6,2001/9/29,09:12.2,52181.29806,1.134,0.75,1,spex,0.5x15,Prism,2001B072,Kelley,HD 191854B,G8V,HighPM*,10.39,9.76,8.259762,0,0,0,
spec0123.b.fits,B,SAO49262,standard,fixed,+20:10:13.29,+43:56:52.2,2001/9/29,09:19.6,52181.29814,1.134,0.75,1,spex,0.5x15,Prism,2001B072,Kelley,HD 191854B,G8V,HighPM*,10.39,9.76,8.259762,0,0,0,
spec0124.b.fits,B,SAO49262,standard,fixed,+20:10:13.27,+43:56:52.1,2001/9/29,09:21.9,52181.29817,1.134,0.75,1,spex,0.5x15,Prism,2001B072,Kelley,HD 191854B,G8V,HighPM*,10.39,9.76,8.259762,0,0,0,
spec0125.a.fits,A,SAO49262,standard,fixed,+20:10:13.27,+43:56:44.5,2001/9/29,09:29.3,52181.29826,1.134,0.75,1,spex,0.5x15,Prism,2001B072,Kelley,HD 191854B,G8V,HighPM*,10.39,9.76,8.259762,0,0,0,
spec0126.a.fits,A,SAO49262,standard,fixed,+20:10:13.30,+43:56:44.5,2001/9/29,09:31.7,52181.29828,1.134,0.75,1,spex,0.5x15,Prism,2001B072,Kelley,HD 191854B,G8V,HighPM*,10.39,9.76,8.259762,0,0,0,
spec0127.b.fits,B,SAO49262,standard,fixed,+20:10:13.31,+43:56:52.1,2001/9/29,09:39.0,52181.29837,1.134,0.75,1,spex,0.5x15,Prism,2001B072,Kelley,HD 191854B,G8V,HighPM*,10.39,9.76,8.259762,0,0,0,
spec0128.b.fits,B,SAO49262,standard,fixed,+20:10:13.27,+43:56:52.1,2001/9/29,09:41.4,52181.2984,1.135,0.75,1,spex,0.5x15,Prism,2001B072,Kelley,HD 191854B,G8V,HighPM*,10.39,9.76,8.259762,0,0,0,
spec0129.a.fits,A,SAO49262,standard,fixed,+20:10:13.28,+43:56:44.4,2001/9/29,09:49.2,52181.29849,1.135,0.75,1,spex,0.5x15,Prism,2001B072,Kelley,HD 191854B,G8V,HighPM*,10.39,9.76,8.259762,0,0,0,
spec0130.a.fits,A,SAO49262,standard,fixed,+20:10:13.30,+43:56:44.4,2001/9/29,09:52.2,52181.29852,1.135,0.75,1,spex,0.5x15,Prism,2001B072,Kelley,HD 191854B,G8V,HighPM*,10.39,9.76,8.259762,0,0,0,
spec0131.b.fits,B,SAO49262,standard,fixed,+20:10:13.26,+43:56:52.0,2001/9/29,09:59.9,52181.29861,1.135,0.75,1,spex,0.5x15,Prism,2001B072,Kelley,HD 191854B,G8V,HighPM*,10.39,9.76,8.259762,0,0,0,
spec0132.b.fits,B,SAO49262,standard,fixed,+20:10:13.27,+43:56:52.0,2001/9/29,10:03.7,52181.29865,1.135,0.75,1,spex,0.5x15,Prism,2001B072,Kelley,HD 191854B,G8V,HighPM*,10.39,9.76,8.259762,0,0,0,
spec0133.a.fits,A,SAO49262,standard,fixed,+20:10:13.31,+43:56:44.5,2001/9/29,10:11.5,52181.29874,1.135,0.75,1,spex,0.5x15,Prism,2001B072,Kelley,HD 191854B,G8V,HighPM*,10.39,9.76,8.259762,0,0,0,
spec0134.a.fits,A,SAO49262,standard,fixed,+20:10:13.31,+43:56:44.5,2001/9/29,10:46.3,52181.29915,1.136,0.75,1,spex,0.5x15,Prism,2001B072,Kelley,HD 191854B,G8V,HighPM*,10.39,9.76,8.259762,0,0,0,
spec0135.b.fits,B,SAO49262,standard,fixed,+20:10:13.28,+43:56:52.0,2001/9/29,10:54.9,52181.29925,1.136,0.75,1,spex,0.5x15,Prism,2001B072,Kelley,HD 191854B,G8V,HighPM*,10.39,9.76,8.259762,0,0,0,
spec0136.b.fits,B,SAO49262,standard,fixed,+20:10:13.29,+43:56:52.0,2001/9/29,10:59.1,52181.29929,1.136,0.75,1,spex,0.5x15,Prism,2001B072,Kelley,HD 191854B,G8V,HighPM*,10.39,9.76,8.259762,0,0,0,
spec0137.a.fits,A,SAO49262,standard,fixed,+20:10:13.33,+43:56:44.5,2001/9/29,11:06.5,52181.29938,1.136,0.75,1,spex,0.5x15,Prism,2001B072,Kelley,HD 191854B,G8V,HighPM*,10.39,9.76,8.259762,0,0,0,
spec0138.a.fits,A,SAO49262,standard,fixed,+20:10:13.33,+43:56:44.5,2001/9/29,11:09.2,52181.29941,1.136,0.75,1,spex,0.5x15,Prism,2001B072,Kelley,HD 191854B,G8V,HighPM*,10.39,9.76,8.259762,0,0,0,
spec0139.b.fits,B,SAO49262,standard,fixed,+20:10:13.29,+43:56:52.0,2001/9/29,11:16.8,52181.2995,1.136,0.75,1,spex,0.5x15,Prism,2001B072,Kelley,HD 191854B,G8V,HighPM*,10.39,9.76,8.259762,0,0,0,
spec0140.b.fits,B,SAO49262,standard,fixed,+20:10:13.30,+43:56:52.0,2001/9/29,11:21.6,52181.29956,1.136,0.75,1,spex,0.5x15,Prism,2001B072,Kelley,HD 191854B,G8V,HighPM*,10.39,9.76,8.259762,0,0,0,
spec0141.a.fits,A,SAO49262,standard,fixed,+20:10:13.29,+43:56:44.4,2001/9/29,11:29.2,52181.29964,1.137,0.75,1,spex,0.5x15,Prism,2001B072,Kelley,HD 191854B,G8V,HighPM*,10.39,9.76,8.259762,0,0,0,
spec0142.a.fits,A,SAO49262,standard,fixed,+20:10:13.34,+43:56:44.4,2001/9/29,11:31.8,52181.29967,1.137,0.75,1,spex,0.5x15,Prism,2001B072,Kelley,HD 191854B,G8V,HighPM*,10.39,9.76,8.259762,0,0,0,
spec0143.b.fits,B,SAO49262,standard,fixed,+20:10:13.33,+43:56:52.0,2001/9/29,11:39.3,52181.29976,1.137,0.75,1,spex,0.5x15,Prism,2001B072,Kelley,HD 191854B,G8V,HighPM*,10.39,9.76,8.259762,0,0,0,
spec0144.b.fits,B,SAO49262,standard,fixed,+20:10:13.29,+43:56:52.0,2001/9/29,11:42.2,52181.29979,1.137,0.75,1,spex,0.5x15,Prism,2001B072,Kelley,HD 191854B,G8V,HighPM*,10.39,9.76,8.259762,0,0,0,
spec0145.a.fits,A,SAO49262,standard,fixed,+20:10:13.34,+43:56:44.4,2001/9/29,11:50.0,52181.29988,1.137,0.75,1,spex,0.5x15,Prism,2001B072,Kelley,HD 191854B,G8V,HighPM*,10.39,9.76,8.259762,0,0,0,
spec0146.a.fits,A,3494 Purple Mountain,target,moving,+21:57:22.29,-02:25:59.5,2001/9/29,18:26.2,52181.30447,1.088,120,1,spex,0.5x15,Prism,2001B072,Kelley,,,,,,,,,,
spec0147.b.fits,B,3494 Purple Mountain,target,moving,+21:57:22.27,-02:25:52.5,2001/9/29,20:49.2,52181.30613,1.086,120,1,spex,0.5x15,Prism,2001B072,Kelley,,,,,,,,,,
spec0148.a.fits,A,3494 Purple Mountain,target,moving,+21:57:22.30,-02:26:00.8,2001/9/29,23:40.4,52181.30811,1.085,120,1,spex,0.5x15,Prism,2001B072,Kelley,,,,,,,,,,
spec0149.b.fits,B,3494 Purple Mountain,target,moving,+21:57:22.28,-02:25:54.0,2001/9/29,26:03.2,52181.30976,1.084,120,1,spex,0.5x15,Prism,2001B072,Kelley,,,,,,,,,,
spec0150.a.fits,A,SAO143111,standard,fixed,+19:11:09.75,-02:38:19.3,2001/9/29,34:58.5,52181.31595,1.391,1,1,spex,0.5x15,Prism,2001B072,Kelley,HD 179079,G5IV,HighPM*,8.66,7.96,7.787227,6.734,6.402,6.311,
spec0151.b.fits,B,SAO143111,standard,fixed,+19:11:09.75,-02:38:11.8,2001/9/29,35:06.5,52181.31605,1.391,1,1,spex,0.5x15,Prism,2001B072,Kelley,HD 179079,G5IV,HighPM*,8.66,7.96,7.787227,6.734,6.402,6.311,
spec0152.b.fits,B,SAO143111,standard,fixed,+19:11:09.74,-02:38:11.8,2001/9/29,35:09.4,52181.31608,1.391,1,1,spex,0.5x15,Prism,2001B072,Kelley,HD 179079,G5IV,HighPM*,8.66,7.96,7.787227,6.734,6.402,6.311,
spec0153.a.fits,A,SAO143111,standard,fixed,+19:11:09.77,-02:38:19.5,2001/9/29,35:17.4,52181.31617,1.392,1,1,spex,0.5x15,Prism,2001B072,Kelley,HD 179079,G5IV,HighPM*,8.66,7.96,7.787227,6.734,6.402,6.311,
spec0154.a.fits,A,SAO143111,standard,fixed,+19:11:09.77,-02:38:19.4,2001/9/29,35:20.4,52181.31621,1.392,1,1,spex,0.5x15,Prism,2001B072,Kelley,HD 179079,G5IV,HighPM*,8.66,7.96,7.787227,6.734,6.402,6.311,
spec0155.b.fits,B,SAO143111,standard,fixed,+19:11:09.76,-02:38:11.8,2001/9/29,35:28.3,52181.3163,1.393,1,1,spex,0.5x15,Prism,2001B072,Kelley,HD 179079,G5IV,HighPM*,8.66,7.96,7.787227,6.734,6.402,6.311,
spec0156.b.fits,B,SAO143111,standard,fixed,+19:11:09.75,-02:38:11.8,2001/9/29,35:31.2,52181.31633,1.393,1,1,spex,0.5x15,Prism,2001B072,Kelley,HD 179079,G5IV,HighPM*,8.66,7.96,7.787227,6.734,6.402,6.311,
spec0157.a.fits,A,SAO143111,standard,fixed,+19:11:09.76,-02:38:19.4,2001/9/29,35:39.2,52181.31643,1.394,1,1,spex,0.5x15,Prism,2001B072,Kelley,HD 179079,G5IV,HighPM*,8.66,7.96,7.787227,6.734,6.402,6.311,
spec0158.a.fits,A,SAO143111,standard,fixed,+19:11:09.78,-02:38:19.2,2001/9/29,35:42.2,52181.31646,1.395,1,1,spex,0.5x15,Prism,2001B072,Kelley,HD 179079,G5IV,HighPM*,8.66,7.96,7.787227,6.734,6.402,6.311,
spec0159.b.fits,B,SAO143111,standard,fixed,+19:11:09.77,-02:38:11.7,2001/9/29,35:50.2,52181.31655,1.395,1,1,spex,0.5x15,Prism,2001B072,Kelley,HD 179079,G5IV,HighPM*,8.66,7.96,7.787227,6.734,6.402,6.311,
spec0160.a.fits,A,SAO164082,standard,moving,+21:02:34.43,-15:28:25.6,2001/9/29,39:04.2,52181.3188,1.254,0.5,1,spex,0.5x15,Prism,2001B072,Kelley,HD 200213,K0III,HighPM*,8.69,7.79,7.561431,6.186,5.718,5.662,
spec0161.b.fits,B,SAO164082,standard,moving,+21:02:34.45,-15:28:18.1,2001/9/29,39:11.1,52181.31888,1.254,0.5,1,spex,0.5x15,Prism,2001B072,Kelley,HD 200213,K0III,HighPM*,8.69,7.79,7.561431,6.186,5.718,5.662,
spec0162.b.fits,B,SAO164082,standard,moving,+21:02:34.45,-15:28:18.1,2001/9/29,39:12.8,52181.3189,1.254,0.5,1,spex,0.5x15,Prism,2001B072,Kelley,HD 200213,K0III,HighPM*,8.69,7.79,7.561431,6.186,5.718,5.662,
spec0163.a.fits,A,SAO164082,standard,moving,+21:02:34.42,-15:28:25.8,2001/9/29,39:19.6,52181.31898,1.255,0.5,1,spex,0.5x15,Prism,2001B072,Kelley,HD 200213,K0III,HighPM*,8.69,7.79,7.561431,6.186,5.718,5.662,
spec0164.a.fits,A,SAO164082,standard,moving,+21:02:34.42,-15:28:25.8,2001/9/29,39:21.4,52181.319,1.255,0.5,1,spex,0.5x15,Prism,2001B072,Kelley,HD 200213,K0III,HighPM*,8.69,7.79,7.561431,6.186,5.718,5.662,
spec0165.b.fits,B,SAO164082,standard,moving,+21:02:34.46,-15:28:18.0,2001/9/29,39:28.3,52181.31908,1.255,0.5,1,spex,0.5x15,Prism,2001B072,Kelley,HD 200213,K0III,HighPM*,8.69,7.79,7.561431,6.186,5.718,5.662,
spec0166.b.fits,B,SAO164082,standard,moving,+21:02:34.45,-15:28:18.0,2001/9/29,39:30.2,52181.3191,1.255,0.5,1,spex,0.5x15,Prism,2001B072,Kelley,HD 200213,K0III,HighPM*,8.69,7.79,7.561431,6.186,5.718,5.662,
spec0167.a.fits,A,SAO164082,standard,moving,+21:02:34.43,-15:28:25.8,2001/9/29,39:37.0,52181.31918,1.255,0.5,1,spex,0.5x15,Prism,2001B072,Kelley,HD 200213,K0III,HighPM*,8.69,7.79,7.561431,6.186,5.718,5.662,
spec0168.a.fits,A,SAO164082,standard,moving,+21:02:34.43,-15:28:25.8,2001/9/29,39:38.8,52181.3192,1.255,0.5,1,spex,0.5x15,Prism,2001B072,Kelley,HD 200213,K0III,HighPM*,8.69,7.79,7.561431,6.186,5.718,5.662,
spec0169.b.fits,B,SAO164082,standard,moving,+21:02:34.45,-15:28:18.0,2001/9/29,39:45.7,52181.31928,1.255,0.5,1,spex,0.5x15,Prism,2001B072,Kelley,HD 200213,K0III,HighPM*,8.69,7.79,7.561431,6.186,5.718,5.662,
flat0170.a.fits,A,flat lamp,calibration,fixed,+21:57:21.89,-02:26:05.5,2001/9/29,42:09.0,52181.32094,1.081,1.05,12,spex,0.5x15,Prism,2001B072,Kelley,,,,,,,,,,
flat0171.a.fits,A,flat lamp,calibration,fixed,+21:57:21.88,-02:26:05.6,2001/9/29,42:35.4,52181.32124,1.081,1.05,12,spex,0.5x15,Prism,2001B072,Kelley,,,,,,,,,,
flat0172.a.fits,A,flat lamp,calibration,fixed,+21:57:21.87,-02:26:05.8,2001/9/29,43:01.7,52181.32155,1.081,1.05,12,spex,0.5x15,Prism,2001B072,Kelley,,,,,,,,,,
arc0173.a.fits,A,arc lamp,calibration,fixed,+21:57:21.88,-02:26:05.8,2001/9/29,43:34.6,52181.32193,1.081,0.18,10,spex,0.5x15,Prism,2001B072,Kelley,,,,,,,,,,
arc0174.a.fits,A,arc lamp,calibration,fixed,+21:57:21.88,-02:26:05.8,2001/9/29,43:39.1,52181.32198,1.081,0.18,10,spex,0.5x15,Prism,2001B072,Kelley,,,,,,,,,,
arc0175.a.fits,A,arc lamp,calibration,fixed,+21:57:21.88,-02:26:05.8,2001/9/29,43:43.7,52181.32203,1.081,0.18,10,spex,0.5x15,Prism,2001B072,Kelley,,,,,,,,,,
arc0176.a.fits,A,arc lamp,calibration,fixed,+21:57:21.88,-02:26:05.9,2001/9/29,43:48.2,52181.32209,1.081,0.18,10,spex,0.5x15,Prism,2001B072,Kelley,,,,,,,,,,
arc0177.a.fits,A,arc lamp,calibration,fixed,+21:57:21.87,-02:26:05.9,2001/9/29,43:52.7,52181.32214,1.081,0.18,10,spex,0.5x15,Prism,2001B072,Kelley,,,,,,,,,,
spec0178.a.fits,A,3494 Purple Mountain,target,moving,+21:57:21.97,-02:26:07.3,2001/9/29,45:32.3,52181.32329,1.08,120,1,spex,0.5x15,Prism,2001B072,Kelley,,,,,,,,,,
spec0179.b.fits,B,3494 Purple Mountain,target,moving,+21:57:21.91,-02:26:00.5,2001/9/29,47:55.2,52181.32494,1.081,120,1,spex,0.5x15,Prism,2001B072,Kelley,,,,,,,,,,
spec0180.b.fits,B,3494 Purple Mountain,target,moving,+21:57:21.89,-02:26:01.0,2001/9/29,50:13.1,52181.32654,1.081,120,1,spex,0.5x15,Prism,2001B072,Kelley,,,,,,,,,,
spec0181.a.fits,A,3494 Purple Mountain,target,moving,+21:57:21.87,-02:26:09.3,2001/9/29,52:36.1,52181.3282,1.081,120,1,spex,0.5x15,Prism,2001B072,Kelley,,,,,,,,,,
spec0182.a.fits,A,SAO164082,standard,moving,+21:02:34.43,-15:28:26.1,2001/9/29,58:14.6,52181.33211,1.284,0.5135,1,spex,0.5x15,Prism,2001B072,Kelley,HD 200213,K0III,HighPM*,8.69,7.79,7.561431,6.186,5.718,5.662,
spec0183.b.fits,B,SAO164082,standard,moving,+21:02:34.43,-15:28:18.5,2001/9/29,58:22.1,52181.3322,1.284,0.5135,1,spex,0.5x15,Prism,2001B072,Kelley,HD 200213,K0III,HighPM*,8.69,7.79,7.561431,6.186,5.718,5.662,
spec0184.b.fits,B,SAO164082,standard,moving,+21:02:34.40,-15:28:18.6,2001/9/29,58:24.1,52181.33222,1.284,0.5135,1,spex,0.5x15,Prism,2001B072,Kelley,HD 200213,K0III,HighPM*,8.69,7.79,7.561431,6.186,5.718,5.662,
spec0185.a.fits,A,SAO164082,standard,moving,+21:02:34.40,-15:28:26.3,2001/9/29,58:31.1,52181.3323,1.285,0.5135,1,spex,0.5x15,Prism,2001B072,Kelley,HD 200213,K0III,HighPM*,8.69,7.79,7.561431,6.186,5.718,5.662,
spec0186.a.fits,A,SAO164082,standard,moving,+21:02:34.43,-15:28:26.2,2001/9/29,58:33.1,52181.33233,1.285,0.5135,1,spex,0.5x15,Prism,2001B072,Kelley,HD 200213,K0III,HighPM*,8.69,7.79,7.561431,6.186,5.718,5.662,
spec0187.b.fits,B,SAO164082,standard,moving,+21:02:34.43,-15:28:18.6,2001/9/29,58:40.1,52181.33241,1.285,0.5135,1,spex,0.5x15,Prism,2001B072,Kelley,HD 200213,K0III,HighPM*,8.69,7.79,7.561431,6.186,5.718,5.662,
spec0188.b.fits,B,SAO164082,standard,moving,+21:02:34.43,-15:28:18.6,2001/9/29,58:42.1,52181.33243,1.285,0.5135,1,spex,0.5x15,Prism,2001B072,Kelley,HD 200213,K0III,HighPM*,8.69,7.79,7.561431,6.186,5.718,5.662,
spec0189.a.fits,A,SAO164082,standard,moving,+21:02:34.43,-15:28:26.2,2001/9/29,58:49.1,52181.33251,1.286,0.5135,1,spex,0.5x15,Prism,2001B072,Kelley,HD 200213,K0III,HighPM*,8.69,7.79,7.561431,6.186,5.718,5.662,
spec0190.a.fits,A,SAO164082,standard,moving,+21:02:34.43,-15:28:26.2,2001/9/29,58:51.1,52181.33254,1.286,0.5135,1,spex,0.5x15,Prism,2001B072,Kelley,HD 200213,K0III,HighPM*,8.69,7.79,7.561431,6.186,5.718,5.662,
spec0191.b.fits,B,SAO164082,standard,moving,+21:02:34.42,-15:28:18.8,2001/9/29,58:58.1,52181.33262,1.286,0.5135,1,spex,0.5x15,Prism,2001B072,Kelley,HD 200213,K0III,HighPM*,8.69,7.79,7.561431,6.186,5.718,5.662,
spec0192.a.fits,A,SAO128191,target,moving,+23:27:20.97,+04:26:59.3,2001/9/29,03:47.5,52181.33597,1.09,1.5,1,spex,0.5x15,Prism,2001B072,Kelley,,,,,,,,,,
spec0193.b.fits,B,SAO128191,target,moving,+23:27:20.97,+04:27:07.0,2001/9/29,03:56.0,52181.33607,1.09,1.5,1,spex,0.5x15,Prism,2001B072,Kelley,,,,,,,,,,
spec0194.b.fits,B,SAO128191,target,moving,+23:27:20.95,+04:27:06.9,2001/9/29,03:59.6,52181.33611,1.09,1.5,1,spex,0.5x15,Prism,2001B072,Kelley,,,,,,,,,,
spec0195.a.fits,A,SAO128191,target,moving,+23:27:20.98,+04:26:59.2,2001/9/29,04:08.1,52181.3362,1.09,1.5,1,spex,0.5x15,Prism,2001B072,Kelley,,,,,,,,,,
spec0196.a.fits,A,SAO128191,target,moving,+23:27:20.98,+04:26:59.2,2001/9/29,04:11.6,52181.33625,1.09,1.5,1,spex,0.5x15,Prism,2001B072,Kelley,,,,,,,,,,
spec0197.b.fits,B,SAO128191,target,moving,+23:27:20.98,+04:27:06.9,2001/9/29,04:20.1,52181.33634,1.089,1.5,1,spex,0.5x15,Prism,2001B072,Kelley,,,,,,,,,,
spec0198.b.fits,B,SAO128191,target,moving,+23:27:20.95,+04:27:06.9,2001/9/29,04:23.6,52181.33638,1.089,1.5,1,spex,0.5x15,Prism,2001B072,Kelley,,,,,,,,,,
spec0199.a.fits,A,SAO128191,target,moving,+23:27:20.98,+04:26:59.2,2001/9/29,04:32.1,52181.33648,1.089,1.5,1,spex,0.5x15,Prism,2001B072,Kelley,,,,,,,,,,
spec0200.a.fits,A,SAO128191,target,moving,+23:27:20.98,+04:26:59.2,2001/9/29,04:35.6,52181.33652,1.089,1.5,1,spex,0.5x15,Prism,2001B072,Kelley,,,,,,,,,,
spec0201.b.fits,B,SAO128191,target,moving,+23:27:20.96,+04:27:06.8,2001/9/29,04:44.2,52181.33662,1.089,1.5,1,spex,0.5x15,Prism,2001B072,Kelley,,,,,,,,,,
spec0202.a.fits,A,SAO128553,standard,fixed,+00:03:02.98,-07:48:58.6,2001/9/29,06:48.2,52181.33806,1.268,0.75,1,spex,0.5x15,Prism,2001B072,Kelley,HD 225060,K0III,HighPM*,9.715,9.297,8.218458,6.641,6.053,5.953,
spec0203.b.fits,B,SAO128553,standard,fixed,+00:03:02.97,-07:48:51.1,2001/9/29,06:55.6,52181.33814,1.268,0.75,1,spex,0.5x15,Prism,2001B072,Kelley,HD 225060,K0III,HighPM*,9.715,9.297,8.218458,6.641,6.053,5.953,
spec0204.b.fits,B,SAO128553,standard,fixed,+00:03:02.97,-07:48:51.1,2001/9/29,06:57.8,52181.33817,1.267,0.75,1,spex,0.5x15,Prism,2001B072,Kelley,HD 225060,K0III,HighPM*,9.715,9.297,8.218458,6.641,6.053,5.953,
spec0205.a.fits,A,SAO128553,standard,fixed,+00:03:02.98,-07:48:58.8,2001/9/29,07:05.1,52181.33825,1.267,0.75,1,spex,0.5x15,Prism,2001B072,Kelley,HD 225060,K0III,HighPM*,9.715,9.297,8.218458,6.641,6.053,5.953,
spec0206.a.fits,A,SAO128553,standard,fixed,+00:03:03.00,-07:48:58.7,2001/9/29,07:07.4,52181.33828,1.267,0.75,1,spex,0.5x15,Prism,2001B072,Kelley,HD 225060,K0III,HighPM*,9.715,9.297,8.218458,6.641,6.053,5.953,
spec0207.b.fits,B,SAO128553,standard,fixed,+00:03:03.00,-07:48:51.0,2001/9/29,07:14.6,52181.33836,1.267,0.75,1,spex,0.5x15,Prism,2001B072,Kelley,HD 225060,K0III,HighPM*,9.715,9.297,8.218458,6.641,6.053,5.953,
spec0208.b.fits,B,SAO128553,standard,fixed,+00:03:02.98,-07:48:51.1,2001/9/29,07:16.9,52181.33839,1.267,0.75,1,spex,0.5x15,Prism,2001B072,Kelley,HD 225060,K0III,HighPM*,9.715,9.297,8.218458,6.641,6.053,5.953,
spec0209.a.fits,A,SAO128553,standard,fixed,+00:03:02.99,-07:48:58.8,2001/9/29,07:24.2,52181.33847,1.266,0.75,1,spex,0.5x15,Prism,2001B072,Kelley,HD 225060,K0III,HighPM*,9.715,9.297,8.218458,6.641,6.053,5.953,
spec0210.a.fits,A,SAO128553,standard,fixed,+00:03:02.98,-07:48:58.8,2001/9/29,07:26.4,52181.3385,1.266,0.75,1,spex,0.5x15,Prism,2001B072,Kelley,HD 225060,K0III,HighPM*,9.715,9.297,8.218458,6.641,6.053,5.953,
spec0211.b.fits,B,SAO128553,standard,fixed,+00:03:03.00,-07:48:51.0,2001/9/29,07:33.6,52181.33858,1.266,0.75,1,spex,0.5x15,Prism,2001B072,Kelley,HD 225060,K0III,HighPM*,9.715,9.297,8.218458,6.641,6.053,5.953,
spec0212.a.fits,A,1025 Riema,target,moving,+22:58:04.84,-15:34:34.1,2001/9/29,12:27.9,52181.34199,1.241,120,1,spex,0.5x15,Prism,2001B072,Kelley,,,,,,,,,,
spec0213.b.fits,B,1025 Riema,target,moving,+22:58:04.78,-15:34:28.5,2001/9/29,14:50.9,52181.34364,1.239,120,1,spex,0.5x15,Prism,2001B072,Kelley,,,,,,,,,,
spec0214.b.fits,B,1025 Riema,target,moving,+22:58:04.74,-15:34:30.4,2001/9/29,17:08.7,52181.34524,1.237,120,1,spex,0.5x15,Prism,2001B072,Kelley,,,,,,,,,,
spec0215.a.fits,A,1025 Riema,target,moving,+22:58:04.72,-15:34:39.9,2001/9/29,19:31.6,52181.34689,1.235,120,1,spex,0.5x15,Prism,2001B072,Kelley,,,,,,,,,,
spec0216.a.fits,A,1025 Riema,target,moving,+22:58:04.70,-15:34:41.9,2001/9/29,21:49.5,52181.34849,1.234,120,1,spex,0.5x15,Prism,2001B072,Kelley,,,,,,,,,,
spec0217.b.fits,B,1025 Riema,target,moving,+22:58:04.65,-15:34:36.4,2001/9/29,24:12.3,52181.35014,1.232,120,1,spex,0.5x15,Prism,2001B072,Kelley,,,,,,,,,,
spec0218.b.fits,B,1025 Riema,target,moving,+22:58:04.60,-15:34:38.4,2001/9/29,26:30.6,52181.35174,1.231,120,1,spex,0.5x15,Prism,2001B072,Kelley,,,,,,,,,,
spec0219.a.fits,A,1025 Riema,target,moving,+22:58:04.57,-15:34:48.0,2001/9/29,28:53.5,52181.3534,1.23,120,1,spex,0.5x15,Prism,2001B072,Kelley,,,,,,,,,,
spec0220.a.fits,A,1025 Riema,target,moving,+22:58:04.52,-15:34:50.1,2001/9/29,31:11.4,52181.35499,1.229,120,1,spex,0.5x15,Prism,2001B072,Kelley,,,,,,,,,,
spec0221.b.fits,B,1025 Riema,target,moving,+22:58:04.47,-15:34:44.8,2001/9/29,33:34.3,52181.35665,1.228,120,1,spex,0.5x15,Prism,2001B072,Kelley,,,,,,,,,,
spec0222.b.fits,B,1025 Riema,target,moving,+22:58:04.42,-15:34:46.6,2001/9/29,35:52.1,52181.35824,1.228,120,1,spex,0.5x15,Prism,2001B072,Kelley,,,,,,,,,,
spec0223.a.fits,A,1025 Riema,target,moving,+22:58:04.38,-15:34:56.0,2001/9/29,38:14.9,52181.3599,1.227,120,1,spex,0.5x15,Prism,2001B072,Kelley,,,,,,,,,,
spec0224.a.fits,A,SAO164082,standard,moving,+21:02:35.90,-15:28:32.3,2001/9/29,44:32.4,52181.36426,1.411,0.5135,1,spex,0.5x15,Prism,2001B072,Kelley,HD 200213,K0III,HighPM*,8.69,7.79,7.561431,6.186,5.718,5.662,
spec0225.b.fits,B,SAO164082,standard,moving,+21:02:35.89,-15:28:24.7,2001/9/29,44:39.4,52181.36435,1.411,0.5135,1,spex,0.5x15,Prism,2001B072,Kelley,HD 200213,K0III,HighPM*,8.69,7.79,7.561431,6.186,5.718,5.662,
spec0226.b.fits,B,SAO164082,standard,moving,+21:02:35.90,-15:28:24.7,2001/9/29,44:41.4,52181.36437,1.411,0.5135,1,spex,0.5x15,Prism,2001B072,Kelley,HD 200213,K0III,HighPM*,8.69,7.79,7.561431,6.186,5.718,5.662,
spec0227.a.fits,A,SAO164082,standard,moving,+21:02:35.91,-15:28:32.4,2001/9/29,44:48.4,52181.36445,1.412,0.5135,1,spex,0.5x15,Prism,2001B072,Kelley,HD 200213,K0III,HighPM*,8.69,7.79,7.561431,6.186,5.718,5.662,
spec0228.a.fits,A,SAO164082,standard,moving,+21:02:35.91,-15:28:32.4,2001/9/29,44:50.4,52181.36447,1.412,0.5135,1,spex,0.5x15,Prism,2001B072,Kelley,HD 200213,K0III,HighPM*,8.69,7.79,7.561431,6.186,5.718,5.662,
spec0229.b.fits,B,SAO164082,standard,moving,+21:02:35.90,-15:28:24.8,2001/9/29,44:57.4,52181.36455,1.412,0.5135,1,spex,0.5x15,Prism,2001B072,Kelley,HD 200213,K0III,HighPM*,8.69,7.79,7.561431,6.186,5.718,5.662,
spec0230.b.fits,B,SAO164082,standard,moving,+21:02:35.90,-15:28:24.8,2001/9/29,44:59.4,52181.36458,1.412,0.5135,1,spex,0.5x15,Prism,2001B072,Kelley,HD 200213,K0III,HighPM*,8.69,7.79,7.561431,6.186,5.718,5.662,
spec0231.a.fits,A,SAO164082,standard,moving,+21:02:35.90,-15:28:32.5,2001/9/29,45:06.5,52181.36466,1.413,0.5135,1,spex,0.5x15,Prism,2001B072,Kelley,HD 200213,K0III,HighPM*,8.69,7.79,7.561431,6.186,5.718,5.662,
spec0232.a.fits,A,SAO164082,standard,moving,+21:02:35.92,-15:28:32.5,2001/9/29,45:08.5,52181.36468,1.413,0.5135,1,spex,0.5x15,Prism,2001B072,Kelley,HD 200213,K0III,HighPM*,8.69,7.79,7.561431,6.186,5.718,5.662,
spec0233.b.fits,B,SAO164082,standard,moving,+21:02:35.92,-15:28:24.8,2001/9/29,45:15.5,52181.36476,1.413,0.5135,1,spex,0.5x15,Prism,2001B072,Kelley,HD 200213,K0III,HighPM*,8.69,7.79,7.561431,6.186,5.718,5.662,
spec0234.a.fits,A,434 Hungaria,target,moving,+23:14:12.15,-06:34:21.5,2001/9/29,48:16.0,52181.36685,1.118,60,1,spex,0.5x15,Prism,2001B072,Kelley,,,,,,,,,,
spec0235.b.fits,B,434 Hungaria,target,moving,+23:14:12.11,-06:34:15.5,2001/9/29,49:39.4,52181.36782,1.118,60,1,spex,0.5x15,Prism,2001B072,Kelley,,,,,,,,,,
spec0236.a.fits,A,434 Hungaria,target,moving,+23:14:12.07,-06:34:25.8,2001/9/29,51:51.3,52181.36934,1.117,90,1,spex,0.5x15,Prism,2001B072,Kelley,,,,,,,,,,
spec0237.b.fits,B,434 Hungaria,target,moving,+23:14:12.02,-06:34:20.2,2001/9/29,53:44.3,52181.37065,1.117,90,1,spex,0.5x15,Prism,2001B072,Kelley,,,,,,,,,,
spec0238.b.fits,B,434 Hungaria,target,moving,+23:14:11.99,-06:34:22.2,2001/9/29,55:32.2,52181.3719,1.117,90,1,spex,0.5x15,Prism,2001B072,Kelley,,,,,,,,,,
spec0239.a.fits,A,434 Hungaria,target,moving,+23:14:11.99,-06:34:31.6,2001/9/29,57:25.0,52181.37321,1.117,90,1,spex,0.5x15,Prism,2001B072,Kelley,,,,,,,,,,
spec0240.a.fits,A,434 Hungaria,target,moving,+23:14:11.96,-06:34:33.6,2001/9/29,59:12.9,52181.37445,1.116,90,1,spex,0.5x15,Prism,2001B072,Kelley,,,,,,,,,,
spec0241.b.fits,B,434 Hungaria,target,moving,+23:14:11.91,-06:34:28.0,2001/9/29,01:05.8,52181.37576,1.116,90,1,spex,0.5x15,Prism,2001B072,Kelley,,,,,,,,,,
spec0242.b.fits,B,434 Hungaria,target,moving,+23:14:11.87,-06:34:30.0,2001/9/29,02:53.6,52181.37701,1.116,90,1,spex,0.5x15,Prism,2001B072,Kelley,,,,,,,,,,
spec0243.a.fits,A,434 Hungaria,target,moving,+23:14:11.83,-06:34:39.4,2001/9/29,04:46.5,52181.37832,1.116,90,1,spex,0.5x15,Prism,2001B072,Kelley,,,,,,,,,,
spec0244.a.fits,A,434 Hungaria,target,moving,+23:14:11.77,-06:34:41.2,2001/9/29,06:34.4,52181.37956,1.117,90,1,spex,0.5x15,Prism,2001B072,Kelley,,,,,,,,,,
spec0245.b.fits,B,434 Hungaria,target,moving,+23:14:11.70,-06:34:35.9,2001/9/29,08:27.2,52181.38087,1.117,90,1,spex,0.5x15,Prism,2001B072,Kelley,,,,,,,,,,
spec0246.b.fits,B,434 Hungaria,target,moving,+23:14:11.65,-06:34:37.7,2001/9/29,10:15.3,52181.38212,1.117,90,1,spex,0.5x15,Prism,2001B072,Kelley,,,,,,,,,,
spec0247.a.fits,A,434 Hungaria,target,moving,+23:14:11.61,-06:34:47.1,2001/9/29,12:08.2,52181.38343,1.118,90,1,spex,0.5x15,Prism,2001B072,Kelley,,,,,,,,,,
spec0248.a.fits,A,sao128191,target,moving,+23:27:20.58,+04:27:05.9,2001/9/29,18:03.9,52181.38755,1.037,1.5,1,spex,0.5x15,Prism,2001B072,Kelley,,,,,,,,,,
spec0249.b.fits,B,sao128191,target,moving,+23:27:20.58,+04:27:13.4,2001/9/29,18:14.0,52181.38766,1.037,1.5,1,spex,0.5x15,Prism,2001B072,Kelley,,,,,,,,,,
spec0250.b.fits,B,sao128191,target,moving,+23:27:20.57,+04:27:13.3,2001/9/29,18:17.7,52181.38771,1.037,1.5,1,spex,0.5x15,Prism,2001B072,Kelley,,,,,,,,,,
spec0251.a.fits,A,sao128191,target,moving,+23:27:20.56,+04:27:05.7,2001/9/29,18:26.3,52181.3878,1.037,1.5,1,spex,0.5x15,Prism,2001B072,Kelley,,,,,,,,,,
spec0252.a.fits,A,sao128191,target,moving,+23:27:20.59,+04:27:05.8,2001/9/29,18:29.8,52181.38784,1.037,1.5,1,spex,0.5x15,Prism,2001B072,Kelley,,,,,,,,,,
spec0253.b.fits,B,sao128191,target,moving,+23:27:20.58,+04:27:13.4,2001/9/29,18:38.3,52181.38794,1.037,1.5,1,spex,0.5x15,Prism,2001B072,Kelley,,,,,,,,,,
spec0254.b.fits,B,sao128191,target,moving,+23:27:20.56,+04:27:13.3,2001/9/29,18:42.0,52181.38799,1.037,1.5,1,spex,0.5x15,Prism,2001B072,Kelley,,,,,,,,,,
spec0255.a.fits,A,sao128191,target,moving,+23:27:20.57,+04:27:05.7,2001/9/29,18:50.5,52181.38808,1.037,1.5,1,spex,0.5x15,Prism,2001B072,Kelley,,,,,,,,,,
spec0256.a.fits,A,sao128191,target,moving,+23:27:20.56,+04:27:05.7,2001/9/29,18:54.1,52181.38813,1.037,1.5,1,spex,0.5x15,Prism,2001B072,Kelley,,,,,,,,,,
spec0257.b.fits,B,sao128191,target,moving,+23:27:20.54,+04:27:13.3,2001/9/29,19:02.6,52181.38822,1.037,1.5,1,spex,0.5x15,Prism,2001B072,Kelley,,,,,,,,,,
spec0258.a.fits,A,sao128553,standard,fixed,+00:03:03.26,-07:48:53.9,2001/9/29,21:57.0,52181.39024,1.139,0.75,1,spex,0.5x15,Prism,2001B072,Kelley,HD 225060,K0III,HighPM*,9.715,9.297,8.218458,6.641,6.053,5.953,
spec0259.b.fits,B,sao128553,standard,fixed,+00:03:03.24,-07:48:46.3,2001/9/29,22:04.3,52181.39033,1.139,0.75,1,spex,0.5x15,Prism,2001B072,Kelley,HD 225060,K0III,HighPM*,9.715,9.297,8.218458,6.641,6.053,5.953,
spec0260.b.fits,B,sao128553,standard,fixed,+00:03:03.22,-07:48:46.5,2001/9/29,22:06.5,52181.39035,1.139,0.75,1,spex,0.5x15,Prism,2001B072,Kelley,HD 225060,K0III,HighPM*,9.715,9.297,8.218458,6.641,6.053,5.953,
spec0261.a.fits,A,sao128553,standard,fixed,+00:03:03.24,-07:48:54.1,2001/9/29,22:13.8,52181.39044,1.139,0.75,1,spex,0.5x15,Prism,2001B072,Kelley,HD 225060,K0III,HighPM*,9.715,9.297,8.218458,6.641,6.053,5.953,
spec0262.a.fits,A,sao128553,standard,fixed,+00:03:03.24,-07:48:54.1,2001/9/29,22:16.0,52181.39046,1.139,0.75,1,spex,0.5x15,Prism,2001B072,Kelley,HD 225060,K0III,HighPM*,9.715,9.297,8.218458,6.641,6.053,5.953,
spec0263.b.fits,B,sao128553,standard,fixed,+00:03:03.26,-07:48:46.5,2001/9/29,22:23.3,52181.39055,1.139,0.75,1,spex,0.5x15,Prism,2001B072,Kelley,HD 225060,K0III,HighPM*,9.715,9.297,8.218458,6.641,6.053,5.953,
spec0264.b.fits,B,sao128553,standard,fixed,+00:03:03.25,-07:48:46.5,2001/9/29,22:25.5,52181.39057,1.139,0.75,1,spex,0.5x15,Prism,2001B072,Kelley,HD 225060,K0III,HighPM*,9.715,9.297,8.218458,6.641,6.053,5.953,
spec0265.a.fits,A,sao128553,standard,fixed,+00:03:03.26,-07:48:54.0,2001/9/29,22:32.7,52181.39066,1.139,0.75,1,spex,0.5x15,Prism,2001B072,Kelley,HD 225060,K0III,HighPM*,9.715,9.297,8.218458,6.641,6.053,5.953,
spec0266.a.fits,A,sao128553,standard,fixed,+00:03:03.26,-07:48:54.0,2001/9/29,22:34.9,52181.39068,1.139,0.75,1,spex,0.5x15,Prism,2001B072,Kelley,HD 225060,K0III,HighPM*,9.715,9.297,8.218458,6.641,6.053,5.953,
spec0267.b.fits,B,sao128553,standard,fixed,+00:03:03.26,-07:48:46.4,2001/9/29,22:42.2,52181.39077,1.139,0.75,1,spex,0.5x15,Prism,2001B072,Kelley,HD 225060,K0III,HighPM*,9.715,9.297,8.218458,6.641,6.053,5.953,
spec0268.a.fits,A,3032 Evans,target,moving,+00:20:13.81,-03:24:28.5,2001/9/29,26:17.7,52181.39326,1.106,120,1,spex,0.5x15,Prism,2001B072,Kelley,,,,,,,,,,
spec0269.b.fits,B,3032 Evans,target,moving,+00:20:13.75,-03:24:21.6,2001/9/29,28:43.0,52181.39494,1.104,120,1,spex,0.5x15,Prism,2001B072,Kelley,,,,,,,,,,
spec0270.b.fits,B,3032 Evans,target,moving,+00:20:13.73,-03:24:22.2,2001/9/29,31:00.9,52181.39654,1.102,120,1,spex,0.5x15,Prism,2001B072,Kelley,,,,,,,,,,
spec0271.a.fits,A,3032 Evans,target,moving,+00:20:13.71,-03:24:30.3,2001/9/29,33:23.8,52181.39819,1.1,120,1,spex,0.5x15,Prism,2001B072,Kelley,,,,,,,,,,
spec0272.a.fits,A,3032 Evans,target,moving,+00:20:13.69,-03:24:31.0,2001/9/29,35:41.6,52181.39979,1.099,120,1,spex,0.5x15,Prism,2001B072,Kelley,,,,,,,,,,
spec0273.b.fits,B,3032 Evans,target,moving,+00:20:13.62,-03:24:24.2,2001/9/29,38:04.5,52181.40144,1.097,120,1,spex,0.5x15,Prism,2001B072,Kelley,,,,,,,,,,
spec0274.b.fits,B,3032 Evans,target,moving,+00:20:13.56,-03:24:24.8,2001/9/29,40:22.4,52181.40304,1.096,120,1,spex,0.5x15,Prism,2001B072,Kelley,,,,,,,,,,
spec0275.a.fits,A,3032 Evans,target,moving,+00:20:13.52,-03:24:32.9,2001/9/29,42:45.7,52181.4047,1.094,120,1,spex,0.5x15,Prism,2001B072,Kelley,,,,,,,,,,
spec0276.a.fits,A,3032 Evans,target,moving,+00:20:13.46,-03:24:33.4,2001/9/29,45:03.5,52181.40629,1.093,120,1,spex,0.5x15,Prism,2001B072,Kelley,,,,,,,,,,
spec0277.b.fits,B,3032 Evans,target,moving,+00:20:13.38,-03:24:26.7,2001/9/29,47:26.3,52181.40794,1.092,120,1,spex,0.5x15,Prism,2001B072,Kelley,,,,,,,,,,
spec0278.a.fits,A,1466 Mundleria,target,moving,+00:35:45.81,-07:57:45.6,2001/9/29,53:21.2,52181.41205,1.14,120,1,spex,0.5x15,Prism,2001B072,Kelley,,,,,,,,,,
spec0279.b.fits,B,1466 Mundleria,target,moving,+00:35:45.73,-07:57:39.2,2001/9/29,55:44.2,52181.41371,1.139,120,1,spex,0.5x15,Prism,2001B072,Kelley,,,,,,,,,,
spec0280.b.fits,B,1466 Mundleria,target,moving,+00:35:45.66,-07:57:40.3,2001/9/29,58:02.0,52181.4153,1.137,120,1,spex,0.5x15,Prism,2001B072,Kelley,,,,,,,,,,
spec0281.a.fits,A,1466 Mundleria,target,moving,+00:35:45.60,-07:57:48.7,2001/9/29,00:24.8,52181.41695,1.136,120,1,spex,0.5x15,Prism,2001B072,Kelley,,,,,,,,,,
spec0282.a.fits,A,1466 Mundleria,target,moving,+00:35:45.54,-07:57:49.7,2001/9/29,02:42.7,52181.41855,1.135,120,1,spex,0.5x15,Prism,2001B072,Kelley,,,,,,,,,,
spec0283.b.fits,B,1466 Mundleria,target,moving,+00:35:45.44,-07:57:43.5,2001/9/29,05:05.5,52181.4202,1.134,120,1,spex,0.5x15,Prism,2001B072,Kelley,,,,,,,,,,
spec0284.b.fits,B,1466 Mundleria,target,moving,+00:35:45.36,-07:57:44.6,2001/9/29,07:23.3,52181.4218,1.133,120,1,spex,0.5x15,Prism,2001B072,Kelley,,,,,,,,,,
spec0285.a.fits,A,1466 Mundleria,target,moving,+00:35:45.31,-07:57:53.2,2001/9/29,09:46.2,52181.42345,1.132,120,1,spex,0.5x15,Prism,2001B072,Kelley,,,,,,,,,,
spec0286.a.fits,A,1466 Mundleria,target,moving,+00:35:45.24,-07:57:54.2,2001/9/29,12:04.1,52181.42505,1.132,120,1,spex,0.5x15,Prism,2001B072,Kelley,,,,,,,,,,
spec0287.b.fits,B,1466 Mundleria,target,moving,+00:35:45.16,-07:57:47.8,2001/9/29,14:26.9,52181.4267,1.131,120,1,spex,0.5x15,Prism,2001B072,Kelley,,,,,,,,,,
spec0288.a.fits,A,SAO128191,target,moving,+23:27:20.88,+04:26:59.7,2001/9/29,19:33.9,52181.43025,1.077,1.5,1,spex,0.5x15,Prism,2001B072,Kelley,,,,,,,,,,
spec0289.b.fits,B,SAO128191,target,moving,+23:27:20.86,+04:27:07.2,2001/9/29,19:42.6,52181.43035,1.077,1.5,1,spex,0.5x15,Prism,2001B072,Kelley,,,,,,,,,,
spec0290.b.fits,B,SAO128191,target,moving,+23:27:20.86,+04:27:07.2,2001/9/29,19:46.1,52181.43039,1.077,1.5,1,spex,0.5x15,Prism,2001B072,Kelley,,,,,,,,,,
spec0291.a.fits,A,SAO128191,target,moving,+23:27:20.86,+04:26:59.6,2001/9/29,19:54.6,52181.43049,1.077,1.5,1,spex,0.5x15,Prism,2001B072,Kelley,,,,,,,,,,
spec0292.a.fits,A,SAO128191,target,moving,+23:27:20.88,+04:26:59.6,2001/9/29,19:58.3,52181.43054,1.077,1.5,1,spex,0.5x15,Prism,2001B072,Kelley,,,,,,,,,,
spec0293.b.fits,B,SAO128191,target,moving,+23:27:20.85,+04:27:07.1,2001/9/29,20:06.8,52181.43063,1.077,1.5,1,spex,0.5x15,Prism,2001B072,Kelley,,,,,,,,,,
spec0294.b.fits,B,SAO128191,target,moving,+23:27:20.86,+04:27:07.1,2001/9/29,20:10.2,52181.43067,1.077,1.5,1,spex,0.5x15,Prism,2001B072,Kelley,,,,,,,,,,
spec0295.a.fits,A,SAO128191,target,moving,+23:27:20.87,+04:26:59.4,2001/9/29,20:18.8,52181.43077,1.078,1.5,1,spex,0.5x15,Prism,2001B072,Kelley,,,,,,,,,,
spec0296.a.fits,A,SAO128191,target,moving,+23:27:20.89,+04:26:59.5,2001/9/29,20:22.4,52181.43082,1.078,1.5,1,spex,0.5x15,Prism,2001B072,Kelley,,,,,,,,,,
spec0297.b.fits,B,SAO128191,target,moving,+23:27:20.89,+04:27:07.2,2001/9/29,20:31.0,52181.43091,1.078,1.5,1,spex,0.5x15,Prism,2001B072,Kelley,,,,,,,,,,
spec0298.a.fits,A,SAO128553,standard,fixed,+00:03:03.66,-07:49:01.4,2001/9/29,22:05.3,52181.43201,1.139,0.75,1,spex,0.5x15,Prism,2001B072,Kelley,HD 225060,K0III,HighPM*,9.715,9.297,8.218458,6.641,6.053,5.953,
spec0299.b.fits,B,SAO128553,standard,fixed,+00:03:03.64,-07:48:54.0,2001/9/29,22:12.5,52181.43209,1.139,0.75,1,spex,0.5x15,Prism,2001B072,Kelley,HD 225060,K0III,HighPM*,9.715,9.297,8.218458,6.641,6.053,5.953,
spec0300.b.fits,B,SAO128553,standard,fixed,+00:03:03.64,-07:48:54.0,2001/9/29,22:14.8,52181.43212,1.139,0.75,1,spex,0.5x15,Prism,2001B072,Kelley,HD 225060,K0III,HighPM*,9.715,9.297,8.218458,6.641,6.053,5.953,
spec0301.a.fits,A,SAO128553,standard,fixed,+00:03:03.65,-07:49:01.6,2001/9/29,22:22.0,52181.4322,1.139,0.75,1,spex,0.5x15,Prism,2001B072,Kelley,HD 225060,K0III,HighPM*,9.715,9.297,8.218458,6.641,6.053,5.953,
spec0302.a.fits,A,SAO128553,standard,fixed,+00:03:03.67,-07:49:01.6,2001/9/29,22:24.3,52181.43223,1.139,0.75,1,spex,0.5x15,Prism,2001B072,Kelley,HD 225060,K0III,HighPM*,9.715,9.297,8.218458,6.641,6.053,5.953,
spec0303.b.fits,B,SAO128553,standard,fixed,+00:03:03.67,-07:48:54.0,2001/9/29,22:31.6,52181.43231,1.139,0.75,1,spex,0.5x15,Prism,2001B072,Kelley,HD 225060,K0III,HighPM*,9.715,9.297,8.218458,6.641,6.053,5.953,
spec0304.b.fits,B,SAO128553,standard,fixed,+00:03:03.65,-07:48:54.0,2001/9/29,22:33.9,52181.43234,1.139,0.75,1,spex,0.5x15,Prism,2001B072,Kelley,HD 225060,K0III,HighPM*,9.715,9.297,8.218458,6.641,6.053,5.953,
spec0305.a.fits,A,SAO128553,standard,fixed,+00:03:03.67,-07:49:01.6,2001/9/29,22:41.2,52181.43242,1.139,0.75,1,spex,0.5x15,Prism,2001B072,Kelley,HD 225060,K0III,HighPM*,9.715,9.297,8.218458,6.641,6.053,5.953,
spec0306.a.fits,A,SAO128553,standard,fixed,+00:03:03.68,-07:49:01.6,2001/9/29,22:43.4,52181.43245,1.139,0.75,1,spex,0.5x15,Prism,2001B072,Kelley,HD 225060,K0III,HighPM*,9.715,9.297,8.218458,6.641,6.053,5.953,
spec0307.b.fits,B,SAO128553,standard,fixed,+00:03:03.67,-07:48:54.0,2001/9/29,22:50.7,52181.43253,1.139,0.75,1,spex,0.5x15,Prism,2001B072,Kelley,HD 225060,K0III,HighPM*,9.715,9.297,8.218458,6.641,6.053,5.953,
spec0308.a.fits,A,389 Industria,target,moving,+22:36:11.77,+03:29:52.0,2001/9/29,27:57.3,52181.43608,1.211,60,1,spex,0.5x15,Prism,2001B072,Kelley,,,,,,,,,,
spec0309.b.fits,B,389 Industria,target,moving,+22:36:11.75,+03:29:59.0,2001/9/29,29:20.2,52181.43704,1.215,60,1,spex,0.5x15,Prism,2001B072,Kelley,,,,,,,,,,
spec0310.a.fits,A,389 Industria,target,moving,+22:36:11.78,+03:29:51.3,2001/9/29,31:24.0,52181.43847,1.222,60,1,spex,0.5x15,Prism,2001B072,Kelley,,,,,,,,,,
spec0311.b.fits,B,389 Industria,target,moving,+22:36:11.74,+03:29:58.4,2001/9/29,32:46.9,52181.43943,1.227,60,1,spex,0.5x15,Prism,2001B072,Kelley,,,,,,,,,,
spec0312.b.fits,B,389 Industria,target,moving,+22:36:11.75,+03:29:58.2,2001/9/29,34:04.7,52181.44033,1.231,60,1,spex,0.5x15,Prism,2001B072,Kelley,,,,,,,,,,
spec0313.a.fits,A,389 Industria,target,moving,+22:36:11.79,+03:29:50.7,2001/9/29,35:27.7,52181.44129,1.236,60,1,spex,0.5x15,Prism,2001B072,Kelley,,,,,,,,,,
spec0314.a.fits,A,101 Helena,target,moving,+00:40:48.84,+13:30:03.1,2001/9/29,38:36.9,52181.44348,1.007,30,1,spex,0.5x15,Prism,2001B072,Kelley,,,,,,,,,,
spec0315.b.fits,B,101 Helena,target,moving,+00:40:48.78,+13:30:10.6,2001/9/29,39:29.7,52181.44409,1.007,30,1,spex,0.5x15,Prism,2001B072,Kelley,,,,,,,,,,
spec0316.a.fits,A,101 Helena,target,moving,+00:40:48.75,+13:30:03.0,2001/9/29,40:57.3,52181.44511,1.007,15,1,spex,0.5x15,Prism,2001B072,Kelley,,,,,,,,,,
spec0317.b.fits,B,101 Helena,target,moving,+00:40:48.72,+13:30:10.6,2001/9/29,41:33.7,52181.44553,1.007,15,1,spex,0.5x15,Prism,2001B072,Kelley,,,,,,,,,,
spec0318.b.fits,B,101 Helena,target,moving,+00:40:48.68,+13:30:10.5,2001/9/29,42:05.1,52181.44589,1.008,15,1,spex,0.5x15,Prism,2001B072,Kelley,,,,,,,,,,
spec0319.a.fits,A,101 Helena,target,moving,+00:40:48.67,+13:30:03.0,2001/9/29,42:41.5,52181.44631,1.008,15,1,spex,0.5x15,Prism,2001B072,Kelley,,,,,,,,,,
spec0320.a.fits,A,101 Helena,target,moving,+00:40:48.64,+13:30:02.9,2001/9/29,43:12.8,52181.44668,1.008,15,1,spex,0.5x15,Prism,2001B072,Kelley,,,,,,,,,,
spec0321.b.fits,B,101 Helena,target,moving,+00:40:48.61,+13:30:10.4,2001/9/29,43:49.2,52181.4471,1.008,15,1,spex,0.5x15,Prism,2001B072,Kelley,,,,,,,,,,
spec0322.b.fits,B,101 Helena,target,moving,+00:40:48.59,+13:30:10.4,2001/9/29,44:20.5,52181.44746,1.008,15,1,spex,0.5x15,Prism,2001B072,Kelley,,,,,,,,,,
spec0323.a.fits,A,101 Helena,target,moving,+00:40:48.58,+13:30:02.8,2001/9/29,44:57.1,52181.44788,1.008,15,1,spex,0.5x15,Prism,2001B072,Kelley,,,,,,,,,,
spec0324.a.fits,A,101 Helena,target,moving,+00:40:48.54,+13:30:02.8,2001/9/29,45:28.3,52181.44824,1.008,15,1,spex,0.5x15,Prism,2001B072,Kelley,,,,,,,,,,
spec0325.b.fits,B,101 Helena,target,moving,+00:40:48.50,+13:30:10.1,2001/9/29,46:04.7,52181.44867,1.009,15,1,spex,0.5x15,Prism,2001B072,Kelley,,,,,,,,,,
spec0326.a.fits,A,1916 Boreas,target,moving,+00:10:34.51,+22:24:24.4,2001/9/29,52:44.2,52181.45329,1.027,120,1,spex,0.5x15,Prism,2001B072,Kelley,,,,,,,,,,
spec0327.b.fits,B,1916 Boreas,target,moving,+00:10:34.37,+22:24:32.5,2001/9/29,55:07.0,52181.45494,1.029,120,1,spex,0.5x15,Prism,2001B072,Kelley,,,,,,,,,,
spec0328.b.fits,B,1916 Boreas,target,moving,+00:10:34.24,+22:24:33.4,2001/9/29,57:24.9,52181.45654,1.032,120,1,spex,0.5x15,Prism,2001B072,Kelley,,,,,,,,,,
spec0329.a.fits,A,1916 Boreas,target,moving,+00:10:34.14,+22:24:26.8,2001/9/29,59:47.8,52181.45819,1.034,120,1,spex,0.5x15,Prism,2001B072,Kelley,,,,,,,,,,
spec0330.a.fits,A,1916 Boreas,target,moving,+00:10:34.04,+22:24:27.7,2001/9/29,02:05.6,52181.45979,1.037,120,1,spex,0.5x15,Prism,2001B072,Kelley,,,,,,,,,,
spec0331.b.fits,B,1916 Boreas,target,moving,+00:10:33.93,+22:24:36.1,2001/9/29,04:28.5,52181.46144,1.04,120,1,spex,0.5x15,Prism,2001B072,Kelley,,,,,,,,,,
flat0332.a.fits,A,flat lamp,calibration,fixed,+00:10:33.90,+22:24:29.0,2001/9/29,07:29.5,52181.46354,1.041,1.05,12,spex,0.5x15,Prism,2001B072,Kelley,,,,,,,,,,
flat0333.a.fits,A,flat lamp,calibration,fixed,+00:10:33.87,+22:24:29.2,2001/9/29,07:55.7,52181.46384,1.042,1.05,12,spex,0.5x15,Prism,2001B072,Kelley,,,,,,,,,,
flat0334.a.fits,A,flat lamp,calibration,fixed,+00:10:33.84,+22:24:29.4,2001/9/29,08:22.0,52181.46414,1.042,1.05,12,spex,0.5x15,Prism,2001B072,Kelley,,,,,,,,,,
arc0335.a.fits,A,arc lamp,calibration,fixed,+00:10:33.83,+22:24:29.5,2001/9/29,08:54.9,52181.46452,1.042,0.18,10,spex,0.5x15,Prism,2001B072,Kelley,,,,,,,,,,
arc0336.a.fits,A,arc lamp,calibration,fixed,+00:10:33.83,+22:24:29.5,2001/9/29,08:59.4,52181.46458,1.042,0.18,10,spex,0.5x15,Prism,2001B072,Kelley,,,,,,,,,,
arc0337.a.fits,A,arc lamp,calibration,fixed,+00:10:33.83,+22:24:29.5,2001/9/29,09:03.9,52181.46463,1.043,0.18,10,spex,0.5x15,Prism,2001B072,Kelley,,,,,,,,,,
arc0338.a.fits,A,arc lamp,calibration,fixed,+00:10:33.83,+22:24:29.6,2001/9/29,09:08.4,52181.46468,1.043,0.18,10,spex,0.5x15,Prism,2001B072,Kelley,,,,,,,,,,
arc0339.a.fits,A,arc lamp,calibration,fixed,+00:10:33.82,+22:24:29.6,2001/9/29,09:12.9,52181.46473,1.043,0.18,10,spex,0.5x15,Prism,2001B072,Kelley,,,,,,,,,,
spec0340.a.fits,A,1916 Boreas,target,moving,+00:10:33.71,+22:24:31.1,2001/9/29,10:41.2,52181.46576,1.047,120,1,spex,0.5x15,Prism,2001B072,Kelley,,,,,,,,,,
spec0341.b.fits,B,1916 Boreas,target,moving,+00:10:33.61,+22:24:39.5,2001/9/29,13:04.2,52181.46741,1.051,120,1,spex,0.5x15,Prism,2001B072,Kelley,,,,,,,,,,
spec0342.a.fits,A,2865 Laurel,target,moving,+00:38:19.49,+23:43:49.0,2001/9/29,17:15.0,52181.47031,1.025,120,1,spex,0.5x15,Prism,2001B072,Kelley,,,,,,,,,,
spec0343.b.fits,B,2865 Laurel,target,moving,+00:38:19.39,+23:43:56.2,2001/9/29,19:37.9,52181.47197,1.027,120,1,spex,0.5x15,Prism,2001B072,Kelley,,,,,,,,,,
spec0344.b.fits,B,2865 Laurel,target,moving,+00:38:19.27,+23:43:56.0,2001/9/29,21:55.8,52181.47356,1.03,120,1,spex,0.5x15,Prism,2001B072,Kelley,,,,,,,,,,
spec0345.a.fits,A,2865 Laurel,target,moving,+00:38:19.20,+23:43:48.3,2001/9/29,24:18.7,52181.47522,1.032,120,1,spex,0.5x15,Prism,2001B072,Kelley,,,,,,,,,,
spec0346.a.fits,A,2865 Laurel,target,moving,+00:38:19.11,+23:43:47.9,2001/9/29,26:36.6,52181.47681,1.034,120,1,spex,0.5x15,Prism,2001B072,Kelley,,,,,,,,,,
spec0347.b.fits,B,2865 Laurel,target,moving,+00:38:18.98,+23:43:55.2,2001/9/29,28:59.4,52181.47847,1.037,120,1,spex,0.5x15,Prism,2001B072,Kelley,,,,,,,,,,
spec0348.b.fits,B,2865 Laurel,target,moving,+00:38:18.91,+23:43:54.9,2001/9/29,31:17.2,52181.48006,1.04,120,1,spex,0.5x15,Prism,2001B072,Kelley,,,,,,,,,,
spec0349.a.fits,A,2865 Laurel,target,moving,+00:38:18.88,+23:43:47.2,2001/9/29,33:40.1,52181.48171,1.042,120,1,spex,0.5x15,Prism,2001B072,Kelley,,,,,,,,,,
spec0350.a.fits,A,SAO128191,target,moving,+23:27:22.73,+04:26:57.9,2001/9/29,40:30.6,52181.48647,1.275,1.5,1,spex,0.5x15,Prism,2001B072,Kelley,,,,,,,,,,
spec0351.b.fits,B,SAO128191,target,moving,+23:27:22.73,+04:27:05.5,2001/9/29,40:40.8,52181.48658,1.275,1.5,1,spex,0.5x15,Prism,2001B072,Kelley,,,,,,,,,,
spec0352.b.fits,B,SAO128191,target,moving,+23:27:22.72,+04:27:05.6,2001/9/29,40:44.3,52181.48662,1.275,1.5,1,spex,0.5x15,Prism,2001B072,Kelley,,,,,,,,,,
spec0353.a.fits,A,SAO128191,target,moving,+23:27:22.75,+04:26:58.0,2001/9/29,40:52.8,52181.48672,1.276,1.5,1,spex,0.5x15,Prism,2001B072,Kelley,,,,,,,,,,
spec0354.a.fits,A,SAO128191,target,moving,+23:27:22.74,+04:26:58.0,2001/9/29,40:56.3,52181.48676,1.277,1.5,1,spex,0.5x15,Prism,2001B072,Kelley,,,,,,,,,,
spec0355.b.fits,B,SAO128191,target,moving,+23:27:22.71,+04:27:05.5,2001/9/29,41:04.8,52181.48686,1.277,1.5,1,spex,0.5x15,Prism,2001B072,Kelley,,,,,,,,,,
spec0356.b.fits,B,SAO128191,target,moving,+23:27:22.72,+04:27:05.5,2001/9/29,41:08.3,52181.4869,1.277,1.5,1,spex,0.5x15,Prism,2001B072,Kelley,,,,,,,,,,
spec0357.a.fits,A,SAO128191,target,moving,+23:27:22.75,+04:26:58.0,2001/9/29,41:16.9,52181.487,1.278,1.5,1,spex,0.5x15,Prism,2001B072,Kelley,,,,,,,,,,
spec0358.a.fits,A,SAO128191,target,moving,+23:27:22.75,+04:26:58.0,2001/9/29,41:20.3,52181.48704,1.278,1.5,1,spex,0.5x15,Prism,2001B072,Kelley,,,,,,,,,,
spec0359.b.fits,B,SAO128191,target,moving,+23:27:22.75,+04:27:05.6,2001/9/29,41:28.9,52181.48714,1.279,1.5,1,spex,0.5x15,Prism,2001B072,Kelley,,,,,,,,,,
spec0360.a.fits,A,SAO128191,target,moving,+23:27:22.75,+04:26:58.2,2001/9/29,43:39.3,52181.48865,1.288,1.5,1,spex,0.5x15,Prism,2001B072,Kelley,,,,,,,,,,
spec0361.b.fits,B,SAO128191,target,moving,+23:27:22.72,+04:27:05.7,2001/9/29,43:49.0,52181.48876,1.288,1.5,1,spex,0.5x15,Prism,2001B072,Kelley,,,,,,,,,,
spec0362.b.fits,B,SAO128191,target,moving,+23:27:22.72,+04:27:05.7,2001/9/29,43:52.5,52181.4888,1.289,1.5,1,spex,0.5x15,Prism,2001B072,Kelley,,,,,,,,,,
spec0363.a.fits,A,SAO128191,target,moving,+23:27:22.76,+04:26:58.0,2001/9/29,44:01.0,52181.4889,1.289,1.5,1,spex,0.5x15,Prism,2001B072,Kelley,,,,,,,,,,
spec0364.a.fits,A,SAO128191,target,moving,+23:27:22.76,+04:26:58.0,2001/9/29,44:04.4,52181.48894,1.289,1.5,1,spex,0.5x15,Prism,2001B072,Kelley,,,,,,,,,,
spec0365.b.fits,B,SAO128191,target,moving,+23:27:22.73,+04:27:05.6,2001/9/29,44:13.0,52181.48904,1.29,1.5,1,spex,0.5x15,Prism,2001B072,Kelley,,,,,,,,,,
spec0366.b.fits,B,SAO128191,target,moving,+23:27:22.73,+04:27:05.6,2001/9/29,44:16.4,52181.48908,1.29,1.5,1,spex,0.5x15,Prism,2001B072,Kelley,,,,,,,,,,
spec0367.a.fits,A,SAO128191,target,moving,+23:27:22.74,+04:26:58.0,2001/9/29,44:24.9,52181.48918,1.291,1.5,1,spex,0.5x15,Prism,2001B072,Kelley,,,,,,,,,,
spec0368.a.fits,A,SAO128191,target,moving,+23:27:22.76,+04:26:58.0,2001/9/29,44:28.6,52181.48922,1.291,1.5,1,spex,0.5x15,Prism,2001B072,Kelley,,,,,,,,,,
spec0369.b.fits,B,SAO128191,target,moving,+23:27:22.75,+04:27:05.7,2001/9/29,44:37.1,52181.48932,1.291,1.5,1,spex,0.5x15,Prism,2001B072,Kelley,,,,,,,,,,
spec0370.a.fits,A,SAO128553,standard,fixed,+00:03:03.25,-07:48:56.7,2001/9/29,46:10.4,52181.4904,1.295,0.75,1,spex,0.5x15,Prism,2001B072,Kelley,HD 225060,K0III,HighPM*,9.715,9.297,8.218458,6.641,6.053,5.953,
spec0371.b.fits,B,SAO128553,standard,fixed,+00:03:03.26,-07:48:49.1,2001/9/29,46:18.6,52181.49049,1.295,0.75,1,spex,0.5x15,Prism,2001B072,Kelley,HD 225060,K0III,HighPM*,9.715,9.297,8.218458,6.641,6.053,5.953,
spec0372.b.fits,B,SAO128553,standard,fixed,+00:03:03.26,-07:48:49.1,2001/9/29,46:20.8,52181.49052,1.295,0.75,1,spex,0.5x15,Prism,2001B072,Kelley,HD 225060,K0III,HighPM*,9.715,9.297,8.218458,6.641,6.053,5.953,
spec0373.a.fits,A,SAO128553,standard,fixed,+00:03:03.23,-07:48:56.8,2001/9/29,46:28.1,52181.4906,1.295,0.75,1,spex,0.5x15,Prism,2001B072,Kelley,HD 225060,K0III,HighPM*,9.715,9.297,8.218458,6.641,6.053,5.953,
spec0374.a.fits,A,SAO128553,standard,fixed,+00:03:03.23,-07:48:56.8,2001/9/29,46:30.3,52181.49063,1.296,0.75,1,spex,0.5x15,Prism,2001B072,Kelley,HD 225060,K0III,HighPM*,9.715,9.297,8.218458,6.641,6.053,5.953,
spec0375.b.fits,B,SAO128553,standard,fixed,+00:03:03.24,-07:48:49.2,2001/9/29,46:37.6,52181.49071,1.296,0.75,1,spex,0.5x15,Prism,2001B072,Kelley,HD 225060,K0III,HighPM*,9.715,9.297,8.218458,6.641,6.053,5.953,
spec0376.b.fits,B,SAO128553,standard,fixed,+00:03:03.23,-07:48:49.1,2001/9/29,46:39.8,52181.49074,1.296,0.75,1,spex,0.5x15,Prism,2001B072,Kelley,HD 225060,K0III,HighPM*,9.715,9.297,8.218458,6.641,6.053,5.953,
spec0377.a.fits,A,SAO128553,standard,fixed,+00:03:03.23,-07:48:56.7,2001/9/29,46:47.1,52181.49082,1.296,0.75,1,spex,0.5x15,Prism,2001B072,Kelley,HD 225060,K0III,HighPM*,9.715,9.297,8.218458,6.641,6.053,5.953,
spec0378.a.fits,A,SAO128553,standard,fixed,+00:03:03.25,-07:48:56.7,2001/9/29,46:49.3,52181.49085,1.296,0.75,1,spex,0.5x15,Prism,2001B072,Kelley,HD 225060,K0III,HighPM*,9.715,9.297,8.218458,6.641,6.053,5.953,
spec0379.b.fits,B,SAO128553,standard,fixed,+00:03:03.27,-07:48:49.0,2001/9/29,46:56.6,52181.49093,1.297,0.75,1,spex,0.5x15,Prism,2001B072,Kelley,HD 225060,K0III,HighPM*,9.715,9.297,8.218458,6.641,6.053,5.953,
spec0380.a.fits,A,306 Unitas,target,moving,+02:10:09.91,+01:38:17.9,2001/9/29,50:18.1,52181.49326,1.053,30,1,spex,0.5x15,Prism,2001B072,Kelley,,,,,,,,,,
spec0381.b.fits,B,306 Unitas,target,moving,+02:10:09.86,+01:38:25.1,2001/9/29,51:11.0,52181.49388,1.053,30,1,spex,0.5x15,Prism,2001B072,Kelley,,,,,,,,,,
spec0382.a.fits,A,306 Unitas,target,moving,+02:10:09.84,+01:38:17.1,2001/9/29,53:05.1,52181.4952,1.053,20,1,spex,0.5x15,Prism,2001B072,Kelley,,,,,,,,,,
spec0383.b.fits,B,306 Unitas,target,moving,+02:10:09.81,+01:38:24.2,2001/9/29,53:47.9,52181.49569,1.053,20,1,spex,0.5x15,Prism,2001B072,Kelley,,,,,,,,,,
spec0384.b.fits,B,306 Unitas,target,moving,+02:10:09.79,+01:38:24.0,2001/9/29,54:25.8,52181.49613,1.053,20,1,spex,0.5x15,Prism,2001B072,Kelley,,,,,,,,,,
spec0385.a.fits,A,306 Unitas,target,moving,+02:10:09.80,+01:38:16.3,2001/9/29,55:08.7,52181.49663,1.053,20,1,spex,0.5x15,Prism,2001B072,Kelley,,,,,,,,,,
spec0386.a.fits,A,306 Unitas,target,moving,+02:10:09.78,+01:38:16.1,2001/9/29,55:46.6,52181.49707,1.053,20,1,spex,0.5x15,Prism,2001B072,Kelley,,,,,,,,,,
spec0387.b.fits,B,306 Unitas,target,moving,+02:10:09.75,+01:38:23.3,2001/9/29,56:29.4,52181.49756,1.053,20,1,spex,0.5x15,Prism,2001B072,Kelley,,,,,,,,,,
spec0388.b.fits,B,306 Unitas,target,moving,+02:10:09.72,+01:38:23.1,2001/9/29,57:07.4,52181.498,1.053,20,1,spex,0.5x15,Prism,2001B072,Kelley,,,,,,,,,,
spec0389.a.fits,A,306 Unitas,target,moving,+02:10:09.72,+01:38:15.3,2001/9/29,57:50.3,52181.4985,1.053,20,1,spex,0.5x15,Prism,2001B072,Kelley,,,,,,,,,,
spec0390.a.fits,A,306 Unitas,target,moving,+02:10:09.70,+01:38:15.0,2001/9/29,58:28.1,52181.49894,1.053,20,1,spex,0.5x15,Prism,2001B072,Kelley,,,,,,,,,,
spec0391.b.fits,B,306 Unitas,target,moving,+02:10:09.67,+01:38:22.3,2001/9/29,59:11.0,52181.49943,1.053,20,1,spex,0.5x15,Prism,2001B072,Kelley,,,,,,,,,,
spec0392.b.fits,B,306 Unitas,target,moving,+02:10:09.64,+01:38:22.0,2001/9/29,59:48.8,52181.49987,1.053,20,1,spex,0.5x15,Prism,2001B072,Kelley,,,,,,,,,,
spec0393.a.fits,A,306 Unitas,target,moving,+02:10:09.64,+01:38:14.3,2001/9/29,00:32.0,52181.50037,1.053,20,1,spex,0.5x15,Prism,2001B072,Kelley,,,,,,,,,,
spec0394.a.fits,A,sao128191,target,moving,+23:27:22.01,+04:27:07.8,2001/9/29,04:22.5,52181.50304,1.384,1.5,1,spex,0.5x15,Prism,2001B072,Kelley,,,,,,,,,,
spec0395.b.fits,B,sao128191,target,moving,+23:27:22.00,+04:27:15.4,2001/9/29,04:31.0,52181.50314,1.385,1.5,1,spex,0.5x15,Prism,2001B072,Kelley,,,,,,,,,,
spec0396.b.fits,B,sao128191,target,moving,+23:27:22.00,+04:27:15.4,2001/9/29,04:34.4,52181.50318,1.385,1.5,1,spex,0.5x15,Prism,2001B072,Kelley,,,,,,,,,,
spec0397.a.fits,A,sao128191,target,moving,+23:27:22.02,+04:27:07.8,2001/9/29,04:43.0,52181.50328,1.386,1.5,1,spex,0.5x15,Prism,2001B072,Kelley,,,,,,,,,,
spec0398.a.fits,A,sao128191,target,moving,+23:27:22.02,+04:27:07.8,2001/9/29,04:46.4,52181.50332,1.386,1.5,1,spex,0.5x15,Prism,2001B072,Kelley,,,,,,,,,,
spec0399.b.fits,B,sao128191,target,moving,+23:27:22.00,+04:27:15.4,2001/9/29,04:55.0,52181.50341,1.386,1.5,1,spex,0.5x15,Prism,2001B072,Kelley,,,,,,,,,,
spec0400.b.fits,B,sao128191,target,moving,+23:27:22.00,+04:27:15.4,2001/9/29,04:58.5,52181.50345,1.386,1.5,1,spex,0.5x15,Prism,2001B072,Kelley,,,,,,,,,,
spec0401.a.fits,A,sao128191,target,moving,+23:27:22.02,+04:27:07.8,2001/9/29,05:07.0,52181.50355,1.387,1.5,1,spex,0.5x15,Prism,2001B072,Kelley,,,,,,,,,,
spec0402.a.fits,A,sao128191,target,moving,+23:27:22.04,+04:27:07.8,2001/9/29,05:10.6,52181.50359,1.388,1.5,1,spex,0.5x15,Prism,2001B072,Kelley,,,,,,,,,,
spec0403.b.fits,B,sao128191,target,moving,+23:27:22.02,+04:27:15.4,2001/9/29,05:19.1,52181.50369,1.388,1.5,1,spex,0.5x15,Prism,2001B072,Kelley,,,,,,,,,,
spec0404.a.fits,A,sao128553,standard,fixed,+00:03:03.21,-07:48:56.6,2001/9/29,06:41.4,52181.50465,1.371,0.75,1,spex,0.5x15,Prism,2001B072,Kelley,HD 225060,K0III,HighPM*,9.715,9.297,8.218458,6.641,6.053,5.953,
spec0405.b.fits,B,sao128553,standard,fixed,+00:03:03.21,-07:48:48.9,2001/9/29,06:48.6,52181.50473,1.372,0.75,1,spex,0.5x15,Prism,2001B072,Kelley,HD 225060,K0III,HighPM*,9.715,9.297,8.218458,6.641,6.053,5.953,
spec0406.b.fits,B,sao128553,standard,fixed,+00:03:03.20,-07:48:49.0,2001/9/29,06:50.8,52181.50475,1.372,0.75,1,spex,0.5x15,Prism,2001B072,Kelley,HD 225060,K0III,HighPM*,9.715,9.297,8.218458,6.641,6.053,5.953,
spec0407.a.fits,A,sao128553,standard,fixed,+00:03:03.20,-07:48:56.8,2001/9/29,06:58.0,52181.50484,1.372,0.75,1,spex,0.5x15,Prism,2001B072,Kelley,HD 225060,K0III,HighPM*,9.715,9.297,8.218458,6.641,6.053,5.953,
spec0408.a.fits,A,sao128553,standard,fixed,+00:03:03.22,-07:48:56.7,2001/9/29,07:00.5,52181.50487,1.372,0.75,1,spex,0.5x15,Prism,2001B072,Kelley,HD 225060,K0III,HighPM*,9.715,9.297,8.218458,6.641,6.053,5.953,
spec0409.b.fits,B,sao128553,standard,fixed,+00:03:03.22,-07:48:49.0,2001/9/29,07:08.1,52181.50495,1.373,0.75,1,spex,0.5x15,Prism,2001B072,Kelley,HD 225060,K0III,HighPM*,9.715,9.297,8.218458,6.641,6.053,5.953,
spec0410.b.fits,B,sao128553,standard,fixed,+00:03:03.20,-07:48:49.0,2001/9/29,07:11.8,52181.505,1.373,0.75,1,spex,0.5x15,Prism,2001B072,Kelley,HD 225060,K0III,HighPM*,9.715,9.297,8.218458,6.641,6.053,5.953,
spec0411.a.fits,A,sao128553,standard,fixed,+00:03:03.20,-07:48:56.7,2001/9/29,07:19.1,52181.50508,1.374,0.75,1,spex,0.5x15,Prism,2001B072,Kelley,HD 225060,K0III,HighPM*,9.715,9.297,8.218458,6.641,6.053,5.953,
spec0412.a.fits,A,sao128553,standard,fixed,+00:03:03.22,-07:48:56.6,2001/9/29,07:21.4,52181.50511,1.374,0.75,1,spex,0.5x15,Prism,2001B072,Kelley,HD 225060,K0III,HighPM*,9.715,9.297,8.218458,6.641,6.053,5.953,
spec0413.b.fits,B,sao128553,standard,fixed,+00:03:03.23,-07:48:48.9,2001/9/29,07:28.6,52181.50519,1.375,0.75,1,spex,0.5x15,Prism,2001B072,Kelley,HD 225060,K0III,HighPM*,9.715,9.297,8.218458,6.641,6.053,5.953,
spec0414.a.fits,A,sao93012,standard,fixed,+02:35:20.96,+13:08:33.4,2001/9/29,10:13.1,52181.5071,1.009,0.5135,1,spex,0.5x15,Prism,2001B072,Kelley,HD  16084,G5,Star,9.46,8.23,7.853406,6.009,5.433,5.284,
spec0415.b.fits,B,sao93012,standard,fixed,+02:35:20.97,+13:08:41.0,2001/9/29,10:20.1,52181.50718,1.008,0.5135,1,spex,0.5x15,Prism,2001B072,Kelley,HD  16084,G5,Star,9.46,8.23,7.853406,6.009,5.433,5.284,
spec0416.b.fits,B,sao93012,standard,fixed,+02:35:20.94,+13:08:40.9,2001/9/29,10:22.2,52181.5072,1.008,0.5135,1,spex,0.5x15,Prism,2001B072,Kelley,HD  16084,G5,Star,9.46,8.23,7.853406,6.009,5.433,5.284,
spec0417.a.fits,A,sao93012,standard,fixed,+02:35:20.95,+13:08:33.2,2001/9/29,10:29.2,52181.50728,1.008,0.5135,1,spex,0.5x15,Prism,2001B072,Kelley,HD  16084,G5,Star,9.46,8.23,7.853406,6.009,5.433,5.284,
spec0418.a.fits,A,sao93012,standard,fixed,+02:35:20.97,+13:08:33.3,2001/9/29,10:31.2,52181.50731,1.008,0.5135,1,spex,0.5x15,Prism,2001B072,Kelley,HD  16084,G5,Star,9.46,8.23,7.853406,6.009,5.433,5.284,
spec0419.b.fits,B,sao93012,standard,fixed,+02:35:20.98,+13:08:41.1,2001/9/29,10:38.3,52181.50739,1.008,0.5135,1,spex,0.5x15,Prism,2001B072,Kelley,HD  16084,G5,Star,9.46,8.23,7.853406,6.009,5.433,5.284,
spec0420.b.fits,B,sao93012,standard,fixed,+02:35:20.99,+13:08:41.1,2001/9/29,10:40.3,52181.50741,1.008,0.5135,1,spex,0.5x15,Prism,2001B072,Kelley,HD  16084,G5,Star,9.46,8.23,7.853406,6.009,5.433,5.284,
spec0421.a.fits,A,sao93012,standard,fixed,+02:35:20.98,+13:08:33.4,2001/9/29,10:47.4,52181.50749,1.008,0.5135,1,spex,0.5x15,Prism,2001B072,Kelley,HD  16084,G5,Star,9.46,8.23,7.853406,6.009,5.433,5.284,
spec0422.a.fits,A,sao93012,standard,fixed,+02:35:20.98,+13:08:33.4,2001/9/29,10:49.5,52181.50752,1.008,0.5135,1,spex,0.5x15,Prism,2001B072,Kelley,HD  16084,G5,Star,9.46,8.23,7.853406,6.009,5.433,5.284,
spec0423.b.fits,B,sao93012,standard,fixed,+02:35:20.95,+13:08:41.0,2001/9/29,10:56.5,52181.5076,1.008,0.5135,1,spex,0.5x15,Prism,2001B072,Kelley,HD  16084,G5,Star,9.46,8.23,7.853406,6.009,5.433,5.284,
spec0424.a.fits,A,2962 Otto,target,moving,+02:14:40.84,-00:30:17.7,2001/9/29,13:47.3,52181.50958,1.068,120,1,spex,0.5x15,Prism,2001B072,Kelley,,,,,,,,,,
spec0425.b.fits,B,2962 Otto,target,moving,+02:14:40.73,-00:30:10.5,2001/9/29,16:10.3,52181.51123,1.069,120,1,spex,0.5x15,Prism,2001B072,Kelley,,,,,,,,,,
spec0426.b.fits,B,2962 Otto,target,moving,+02:14:40.65,-00:30:10.8,2001/9/29,18:28.1,52181.51283,1.069,120,1,spex,0.5x15,Prism,2001B072,Kelley,,,,,,,,,,
spec0427.a.fits,A,2962 Otto,target,moving,+02:14:40.59,-00:30:18.6,2001/9/29,20:51.0,52181.51448,1.07,120,1,spex,0.5x15,Prism,2001B072,Kelley,,,,,,,,,,
spec0428.a.fits,A,2962 Otto,target,moving,+02:14:40.52,-00:30:18.8,2001/9/29,23:08.9,52181.51607,1.071,120,1,spex,0.5x15,Prism,2001B072,Kelley,,,,,,,,,,
spec0429.b.fits,B,2962 Otto,target,moving,+02:14:40.43,-00:30:11.7,2001/9/29,25:31.8,52181.51773,1.072,120,1,spex,0.5x15,Prism,2001B072,Kelley,,,,,,,,,,
spec0430.b.fits,B,2962 Otto,target,moving,+02:14:40.35,-00:30:12.0,2001/9/29,27:49.7,52181.51932,1.074,120,1,spex,0.5x15,Prism,2001B072,Kelley,,,,,,,,,,
spec0431.a.fits,A,2962 Otto,target,moving,+02:14:40.30,-00:30:19.7,2001/9/29,30:12.6,52181.52098,1.075,120,1,spex,0.5x15,Prism,2001B072,Kelley,,,,,,,,,,
spec0432.a.fits,A,2962 Otto,target,moving,+02:14:40.22,-00:30:20.1,2001/9/29,32:43.8,52181.52273,1.077,120,1,spex,0.5x15,Prism,2001B072,Kelley,,,,,,,,,,
spec0433.b.fits,B,2962 Otto,target,moving,+02:14:40.12,-00:30:12.8,2001/9/29,35:06.7,52181.52438,1.078,120,1,spex,0.5x15,Prism,2001B072,Kelley,,,,,,,,,,
spec0434.b.fits,B,2962 Otto,target,moving,+02:14:40.06,-00:30:13.1,2001/9/29,37:24.6,52181.52598,1.08,120,1,spex,0.5x15,Prism,2001B072,Kelley,,,,,,,,,,
spec0435.a.fits,A,2962 Otto,target,moving,+02:14:40.01,-00:30:20.9,2001/9/29,39:47.5,52181.52763,1.082,120,1,spex,0.5x15,Prism,2001B072,Kelley,,,,,,,,,,
spec0436.a.fits,A,1750 Eckert,target,moving,+02:39:01.53,+54:00:16.1,2001/9/29,47:19.7,52181.53287,1.213,120,1,spex,0.5x15,Prism,2001B072,Kelley,,,,,,,,,,
spec0437.b.fits,B,1750 Eckert,target,moving,+02:39:01.51,+54:00:24.1,2001/9/29,49:42.5,52181.53452,1.213,120,1,spex,0.5x15,Prism,2001B072,Kelley,,,,,,,,,,
spec0438.b.fits,B,1750 Eckert,target,moving,+02:39:01.52,+54:00:24.8,2001/9/29,52:00.8,52181.53612,1.214,120,1,spex,0.5x15,Prism,2001B072,Kelley,,,,,,,,,,
spec0439.a.fits,A,1750 Eckert,target,moving,+02:39:01.57,+54:00:17.8,2001/9/29,54:23.7,52181.53777,1.215,120,1,spex,0.5x15,Prism,2001B072,Kelley,,,,,,,,,,
spec0440.a.fits,A,1750 Eckert,target,moving,+02:39:01.58,+54:00:18.5,2001/9/29,56:41.5,52181.53937,1.216,120,1,spex,0.5x15,Prism,2001B072,Kelley,,,,,,,,,,
spec0441.b.fits,B,1750 Eckert,target,moving,+02:39:01.55,+54:00:26.6,2001/9/29,59:04.4,52181.54102,1.218,120,1,spex,0.5x15,Prism,2001B072,Kelley,,,,,,,,,,
spec0442.a.fits,A,sao93012,standard,fixed,+02:35:20.93,+13:08:33.7,2001/9/29,05:20.8,52181.54538,1.022,0.5135,1,spex,0.5x15,Prism,2001B072,Kelley,HD  16084,G5,Star,9.46,8.23,7.853406,6.009,5.433,5.284,
spec0443.b.fits,B,sao93012,standard,fixed,+02:35:20.94,+13:08:41.4,2001/9/29,05:27.8,52181.54546,1.022,0.5135,1,spex,0.5x15,Prism,2001B072,Kelley,HD  16084,G5,Star,9.46,8.23,7.853406,6.009,5.433,5.284,
spec0444.b.fits,B,sao93012,standard,fixed,+02:35:20.93,+13:08:41.4,2001/9/29,05:29.8,52181.54548,1.022,0.5135,1,spex,0.5x15,Prism,2001B072,Kelley,HD  16084,G5,Star,9.46,8.23,7.853406,6.009,5.433,5.284,
spec0445.a.fits,A,sao93012,standard,fixed,+02:35:20.93,+13:08:33.7,2001/9/29,05:36.9,52181.54557,1.022,0.5135,1,spex,0.5x15,Prism,2001B072,Kelley,HD  16084,G5,Star,9.46,8.23,7.853406,6.009,5.433,5.284,
spec0446.a.fits,A,sao93012,standard,fixed,+02:35:20.95,+13:08:33.7,2001/9/29,05:38.9,52181.54559,1.022,0.5135,1,spex,0.5x15,Prism,2001B072,Kelley,HD  16084,G5,Star,9.46,8.23,7.853406,6.009,5.433,5.284,
spec0447.b.fits,B,sao93012,standard,fixed,+02:35:20.95,+13:08:41.4,2001/9/29,05:45.9,52181.54567,1.023,0.5135,1,spex,0.5x15,Prism,2001B072,Kelley,HD  16084,G5,Star,9.46,8.23,7.853406,6.009,5.433,5.284,
spec0448.b.fits,B,sao93012,standard,fixed,+02:35:20.95,+13:08:41.4,2001/9/29,05:47.9,52181.54569,1.023,0.5135,1,spex,0.5x15,Prism,2001B072,Kelley,HD  16084,G5,Star,9.46,8.23,7.853406,6.009,5.433,5.284,
spec0449.a.fits,A,sao93012,standard,fixed,+02:35:20.92,+13:08:33.7,2001/9/29,05:54.9,52181.54577,1.023,0.5135,1,spex,0.5x15,Prism,2001B072,Kelley,HD  16084,G5,Star,9.46,8.23,7.853406,6.009,5.433,5.284,
spec0450.a.fits,A,sao93012,standard,fixed,+02:35:20.95,+13:08:33.7,2001/9/29,05:56.9,52181.5458,1.023,0.5135,1,spex,0.5x15,Prism,2001B072,Kelley,HD  16084,G5,Star,9.46,8.23,7.853406,6.009,5.433,5.284,
spec0451.b.fits,B,sao93012,standard,fixed,+02:35:20.95,+13:08:41.4,2001/9/29,06:03.9,52181.54588,1.023,0.5135,1,spex,0.5x15,Prism,2001B072,Kelley,HD  16084,G5,Star,9.46,8.23,7.853406,6.009,5.433,5.284,
spec0452.a.fits,A,SAO93936 Hyades 64,standard,fixed,+04:26:40.28,+16:44:48.5,2001/9/29,09:03.4,52181.54796,1.04,0.75,1,spex,0.5x15,Prism,2001B072,Kelley,HD  28099,G2+V,BYDraV*,8.78,8.12,7.950683,6.893,6.643,6.547,
spec0453.b.fits,B,SAO93936 Hyades 64,standard,fixed,+04:26:40.27,+16:44:56.2,2001/9/29,09:10.7,52181.54804,1.04,0.75,1,spex,0.5x15,Prism,2001B072,Kelley,HD  28099,G2+V,BYDraV*,8.78,8.12,7.950683,6.893,6.643,6.547,
spec0454.b.fits,B,SAO93936 Hyades 64,standard,fixed,+04:26:40.26,+16:44:56.1,2001/9/29,09:13.0,52181.54807,1.04,0.75,1,spex,0.5x15,Prism,2001B072,Kelley,HD  28099,G2+V,BYDraV*,8.78,8.12,7.950683,6.893,6.643,6.547,
spec0455.a.fits,A,SAO93936 Hyades 64,standard,fixed,+04:26:40.26,+16:44:48.3,2001/9/29,09:20.3,52181.54815,1.04,0.75,1,spex,0.5x15,Prism,2001B072,Kelley,HD  28099,G2+V,BYDraV*,8.78,8.12,7.950683,6.893,6.643,6.547,
spec0456.a.fits,A,SAO93936 Hyades 64,standard,fixed,+04:26:40.29,+16:44:48.4,2001/9/29,09:22.5,52181.54818,1.04,0.75,1,spex,0.5x15,Prism,2001B072,Kelley,HD  28099,G2+V,BYDraV*,8.78,8.12,7.950683,6.893,6.643,6.547,
spec0457.b.fits,B,SAO93936 Hyades 64,standard,fixed,+04:26:40.29,+16:44:56.2,2001/9/29,09:29.8,52181.54826,1.04,0.75,1,spex,0.5x15,Prism,2001B072,Kelley,HD  28099,G2+V,BYDraV*,8.78,8.12,7.950683,6.893,6.643,6.547,
spec0458.b.fits,B,SAO93936 Hyades 64,standard,fixed,+04:26:40.27,+16:44:56.1,2001/9/29,09:32.0,52181.54829,1.04,0.75,1,spex,0.5x15,Prism,2001B072,Kelley,HD  28099,G2+V,BYDraV*,8.78,8.12,7.950683,6.893,6.643,6.547,
spec0459.a.fits,A,SAO93936 Hyades 64,standard,fixed,+04:26:40.27,+16:44:48.3,2001/9/29,09:39.3,52181.54837,1.04,0.75,1,spex,0.5x15,Prism,2001B072,Kelley,HD  28099,G2+V,BYDraV*,8.78,8.12,7.950683,6.893,6.643,6.547,
spec0460.a.fits,A,SAO93936 Hyades 64,standard,fixed,+04:26:40.29,+16:44:48.4,2001/9/29,09:41.5,52181.5484,1.04,0.75,1,spex,0.5x15,Prism,2001B072,Kelley,HD  28099,G2+V,BYDraV*,8.78,8.12,7.950683,6.893,6.643,6.547,
spec0461.b.fits,B,SAO93936 Hyades 64,standard,fixed,+04:26:40.30,+16:44:56.1,2001/9/29,09:48.7,52181.54848,1.039,0.75,1,spex,0.5x15,Prism,2001B072,Kelley,HD  28099,G2+V,BYDraV*,8.78,8.12,7.950683,6.893,6.643,6.547,
spec0462.a.fits,A,620 Draconia,target,moving,+03:02:38.25,+23:59:36.2,2001/9/29,13:07.9,52181.55079,1.007,120,1,spex,0.5x15,Prism,2001B072,Kelley,,,,,,,,,,
spec0463.b.fits,B,620 Draconia,target,moving,+03:02:38.19,+23:59:43.8,2001/9/29,15:31.8,52181.55245,1.008,120,1,spex,0.5x15,Prism,2001B072,Kelley,,,,,,,,,,
spec0464.b.fits,B,620 Draconia,target,moving,+03:02:38.17,+23:59:44.0,2001/9/29,17:49.7,52181.55405,1.01,120,1,spex,0.5x15,Prism,2001B072,Kelley,,,,,,,,,,
spec0465.a.fits,A,620 Draconia,target,moving,+03:02:38.15,+23:59:36.8,2001/9/29,20:12.6,52181.5557,1.011,120,1,spex,0.5x15,Prism,2001B072,Kelley,,,,,,,,,,
spec0466.a.fits,A,620 Draconia,target,moving,+03:02:38.12,+23:59:36.9,2001/9/29,22:30.5,52181.5573,1.012,120,1,spex,0.5x15,Prism,2001B072,Kelley,,,,,,,,,,
spec0467.b.fits,B,620 Draconia,target,moving,+03:02:38.07,+23:59:44.7,2001/9/29,24:53.4,52181.55895,1.013,120,1,spex,0.5x15,Prism,2001B072,Kelley,,,,,,,,,,
spec0468.b.fits,B,620 Draconia,target,moving,+03:02:38.03,+23:59:44.7,2001/9/29,27:11.2,52181.56055,1.015,120,1,spex,0.5x15,Prism,2001B072,Kelley,,,,,,,,,,
spec0469.a.fits,A,620 Draconia,target,moving,+03:02:38.02,+23:59:37.6,2001/9/29,29:34.1,52181.5622,1.016,120,1,spex,0.5x15,Prism,2001B072,Kelley,,,,,,,,,,
spec0470.a.fits,A,620 Draconia,target,moving,+03:02:37.99,+23:59:37.8,2001/9/29,31:52.0,52181.5638,1.018,120,1,spex,0.5x15,Prism,2001B072,Kelley,,,,,,,,,,
spec0471.b.fits,B,620 Draconia,target,moving,+03:02:37.94,+23:59:45.4,2001/9/29,34:14.9,52181.56545,1.02,120,1,spex,0.5x15,Prism,2001B072,Kelley,,,,,,,,,,
flat0472.a.fits,A,flat lamp,calibration,fixed,+03:02:37.93,+23:59:38.2,2001/9/29,37:56.5,52181.56802,1.021,1.05,12,spex,0.5x15,Prism,2001B072,Kelley,,,,,,,,,,
flat0473.a.fits,A,flat lamp,calibration,fixed,+03:02:37.93,+23:59:38.3,2001/9/29,38:22.8,52181.56832,1.022,1.05,12,spex,0.5x15,Prism,2001B072,Kelley,,,,,,,,,,
flat0474.a.fits,A,flat lamp,calibration,fixed,+03:02:37.92,+23:59:38.3,2001/9/29,38:49.1,52181.56862,1.022,1.05,12,spex,0.5x15,Prism,2001B072,Kelley,,,,,,,,,,
arc0475.a.fits,A,arc lamp,calibration,fixed,+03:02:37.91,+23:59:38.4,2001/9/29,39:22.0,52181.569,1.022,0.18,10,spex,0.5x15,Prism,2001B072,Kelley,,,,,,,,,,
arc0476.a.fits,A,arc lamp,calibration,fixed,+03:02:37.91,+23:59:38.4,2001/9/29,39:26.5,52181.56906,1.022,0.18,10,spex,0.5x15,Prism,2001B072,Kelley,,,,,,,,,,
arc0477.a.fits,A,arc lamp,calibration,fixed,+03:02:37.90,+23:59:38.4,2001/9/29,39:31.0,52181.56911,1.022,0.18,10,spex,0.5x15,Prism,2001B072,Kelley,,,,,,,,,,
arc0478.a.fits,A,arc lamp,calibration,fixed,+03:02:37.91,+23:59:38.4,2001/9/29,39:35.5,52181.56916,1.022,0.18,10,spex,0.5x15,Prism,2001B072,Kelley,,,,,,,,,,
arc0479.a.fits,A,arc lamp,calibration,fixed,+03:02:37.91,+23:59:38.4,2001/9/29,39:40.1,52181.56921,1.022,0.18,10,spex,0.5x15,Prism,2001B072,Kelley,,,,,,,,,,
spec0480.a.fits,A,620 Draconia,target,moving,+03:36:07.36,+21:39:16.6,2001/9/29,41:50.7,52181.57073,1.003,45,1,spex,0.5x15,Prism,2001B072,Kelley,,,,,,,,,,
spec0481.b.fits,B,620 Draconia,target,moving,+03:36:07.36,+21:39:24.1,2001/9/29,42:58.6,52181.57151,1.004,45,1,spex,0.5x15,Prism,2001B072,Kelley,,,,,,,,,,
spec0482.a.fits,A,66 Maja,target,fixed,+03:36:07.39,+21:39:16.7,2001/9/29,45:03.9,52181.57296,1.004,60,1,spex,0.5x15,Prism,2001B072,Kelley,,,,,,,,,,
spec0483.b.fits,B,66 Maja,target,fixed,+03:36:07.36,+21:39:24.3,2001/9/29,46:28.6,52181.57394,1.005,60,1,spex,0.5x15,Prism,2001B072,Kelley,,,,,,,,,,
spec0484.b.fits,B,66 Maja,target,fixed,+03:36:07.38,+21:39:24.3,2001/9/29,47:46.4,52181.57484,1.005,60,1,spex,0.5x15,Prism,2001B072,Kelley,,,,,,,,,,
spec0485.a.fits,A,66 Maja,target,fixed,+03:36:07.41,+21:39:16.8,2001/9/29,49:09.3,52181.5758,1.006,60,1,spex,0.5x15,Prism,2001B072,Kelley,,,,,,,,,,
spec0486.a.fits,A,66 Maja,target,fixed,+03:36:07.42,+21:39:16.9,2001/9/29,50:27.1,52181.5767,1.007,60,1,spex,0.5x15,Prism,2001B072,Kelley,,,,,,,,,,
spec0487.b.fits,B,66 Maja,target,fixed,+03:36:07.40,+21:39:24.5,2001/9/29,51:50.0,52181.57766,1.007,60,1,spex,0.5x15,Prism,2001B072,Kelley,,,,,,,,,,
spec0488.b.fits,B,66 Maja,target,fixed,+03:36:07.41,+21:39:24.5,2001/9/29,53:07.9,52181.57856,1.008,60,1,spex,0.5x15,Prism,2001B072,Kelley,,,,,,,,,,
spec0489.a.fits,A,66 Maja,target,fixed,+03:36:07.43,+21:39:17.1,2001/9/29,54:30.8,52181.57952,1.009,60,1,spex,0.5x15,Prism,2001B072,Kelley,,,,,,,,,,
spec0490.a.fits,A,66 Maja,target,fixed,+03:36:07.43,+21:39:17.2,2001/9/29,55:48.7,52181.58042,1.009,60,1,spex,0.5x15,Prism,2001B072,Kelley,,,,,,,,,,
spec0491.b.fits,B,66 Maja,target,fixed,+03:36:07.41,+21:39:24.8,2001/9/29,57:11.5,52181.58138,1.01,60,1,spex,0.5x15,Prism,2001B072,Kelley,,,,,,,,,,
spec0492.a.fits,A,SAO93012,standard,fixed,+02:35:20.91,+13:08:33.7,2001/9/29,00:40.3,52181.5838,1.096,0.5135,1,spex,0.5x15,Prism,2001B072,Kelley,HD  16084,G5,Star,9.46,8.23,7.853406,6.009,5.433,5.284,
spec0493.b.fits,B,SAO93012,standard,fixed,+02:35:20.90,+13:08:41.2,2001/9/29,00:47.3,52181.58388,1.096,0.5135,1,spex,0.5x15,Prism,2001B072,Kelley,HD  16084,G5,Star,9.46,8.23,7.853406,6.009,5.433,5.284,
spec0494.b.fits,B,SAO93012,standard,fixed,+02:35:20.89,+13:08:41.2,2001/9/29,00:49.3,52181.5839,1.096,0.5135,1,spex,0.5x15,Prism,2001B072,Kelley,HD  16084,G5,Star,9.46,8.23,7.853406,6.009,5.433,5.284,
spec0495.a.fits,A,SAO93012,standard,fixed,+02:35:20.90,+13:08:33.6,2001/9/29,00:56.3,52181.58399,1.096,0.5135,1,spex,0.5x15,Prism,2001B072,Kelley,HD  16084,G5,Star,9.46,8.23,7.853406,6.009,5.433,5.284,
spec0496.a.fits,A,SAO93012,standard,fixed,+02:35:20.91,+13:08:33.6,2001/9/29,00:58.4,52181.58401,1.096,0.5135,1,spex,0.5x15,Prism,2001B072,Kelley,HD  16084,G5,Star,9.46,8.23,7.853406,6.009,5.433,5.284,
spec0497.b.fits,B,SAO93012,standard,fixed,+02:35:20.93,+13:08:41.3,2001/9/29,01:05.4,52181.58409,1.096,0.5135,1,spex,0.5x15,Prism,2001B072,Kelley,HD  16084,G5,Star,9.46,8.23,7.853406,6.009,5.433,5.284,
spec0498.b.fits,B,SAO93012,standard,fixed,+02:35:20.90,+13:08:41.2,2001/9/29,01:07.4,52181.58411,1.097,0.5135,1,spex,0.5x15,Prism,2001B072,Kelley,HD  16084,G5,Star,9.46,8.23,7.853406,6.009,5.433,5.284,
spec0499.a.fits,A,SAO93012,standard,fixed,+02:35:20.89,+13:08:33.6,2001/9/29,01:14.5,52181.5842,1.097,0.5135,1,spex,0.5x15,Prism,2001B072,Kelley,HD  16084,G5,Star,9.46,8.23,7.853406,6.009,5.433,5.284,
spec0500.a.fits,A,SAO93012,standard,fixed,+02:35:20.89,+13:08:33.6,2001/9/29,01:16.4,52181.58422,1.097,0.5135,1,spex,0.5x15,Prism,2001B072,Kelley,HD  16084,G5,Star,9.46,8.23,7.853406,6.009,5.433,5.284,
spec0501.b.fits,B,SAO93012,standard,fixed,+02:35:20.90,+13:08:41.2,2001/9/29,01:23.5,52181.5843,1.097,0.5135,1,spex,0.5x15,Prism,2001B072,Kelley,HD  16084,G5,Star,9.46,8.23,7.853406,6.009,5.433,5.284,
spec0502.a.fits,A,sao93936 Hyades 64,standard,fixed,+04:26:39.53,+16:44:52.2,2001/9/29,03:43.0,52181.58591,1.003,0.75,1,spex,0.5x15,Prism,2001B072,Kelley,HD  28099,G2+V,BYDraV*,8.78,8.12,7.950683,6.893,6.643,6.547,
spec0503.b.fits,B,sao93936 Hyades 64,standard,fixed,+04:26:39.52,+16:44:59.8,2001/9/29,03:50.3,52181.586,1.003,0.75,1,spex,0.5x15,Prism,2001B072,Kelley,HD  28099,G2+V,BYDraV*,8.78,8.12,7.950683,6.893,6.643,6.547,
spec0504.b.fits,B,sao93936 Hyades 64,standard,fixed,+04:26:39.49,+16:44:59.8,2001/9/29,03:52.6,52181.58603,1.003,0.75,1,spex,0.5x15,Prism,2001B072,Kelley,HD  28099,G2+V,BYDraV*,8.78,8.12,7.950683,6.893,6.643,6.547,
spec0505.a.fits,A,sao93936 Hyades 64,standard,fixed,+04:26:39.51,+16:44:52.2,2001/9/29,03:59.9,52181.58611,1.003,0.75,1,spex,0.5x15,Prism,2001B072,Kelley,HD  28099,G2+V,BYDraV*,8.78,8.12,7.950683,6.893,6.643,6.547,
spec0506.a.fits,A,sao93936 Hyades 64,standard,fixed,+04:26:39.52,+16:44:52.2,2001/9/29,04:02.1,52181.58614,1.002,0.75,1,spex,0.5x15,Prism,2001B072,Kelley,HD  28099,G2+V,BYDraV*,8.78,8.12,7.950683,6.893,6.643,6.547,
spec0507.b.fits,B,sao93936 Hyades 64,standard,fixed,+04:26:39.51,+16:44:59.8,2001/9/29,04:09.4,52181.58622,1.002,0.75,1,spex,0.5x15,Prism,2001B072,Kelley,HD  28099,G2+V,BYDraV*,8.78,8.12,7.950683,6.893,6.643,6.547,
spec0508.b.fits,B,sao93936 Hyades 64,standard,fixed,+04:26:39.49,+16:44:59.8,2001/9/29,04:11.6,52181.58625,1.002,0.75,1,spex,0.5x15,Prism,2001B072,Kelley,HD  28099,G2+V,BYDraV*,8.78,8.12,7.950683,6.893,6.643,6.547,
spec0509.a.fits,A,sao93936 Hyades 64,standard,fixed,+04:26:39.50,+16:44:52.2,2001/9/29,04:18.9,52181.58633,1.002,0.75,1,spex,0.5x15,Prism,2001B072,Kelley,HD  28099,G2+V,BYDraV*,8.78,8.12,7.950683,6.893,6.643,6.547,
spec0510.a.fits,A,sao93936 Hyades 64,standard,fixed,+04:26:39.49,+16:44:52.2,2001/9/29,04:21.1,52181.58636,1.002,0.75,1,spex,0.5x15,Prism,2001B072,Kelley,HD  28099,G2+V,BYDraV*,8.78,8.12,7.950683,6.893,6.643,6.547,
spec0511.b.fits,B,sao93936 Hyades 64,standard,fixed,+04:26:39.52,+16:44:59.8,2001/9/29,04:28.4,52181.58644,1.002,0.75,1,spex,0.5x15,Prism,2001B072,Kelley,HD  28099,G2+V,BYDraV*,8.78,8.12,7.950683,6.893,6.643,6.547,
spec0512.a.fits,A,4 Vesta,target,fixed,+04:50:32.01,+15:10:59.3,2001/9/29,08:11.2,52181.58902,1.012,0.5,1,spex,0.5x15,Prism,2001B072,Kelley,,,,,,,,,,
spec0513.b.fits,B,4 Vesta,target,fixed,+04:50:32.00,+15:11:06.8,2001/9/29,08:18.0,52181.5891,1.012,0.5,1,spex,0.5x15,Prism,2001B072,Kelley,,,,,,,,,,
spec0514.b.fits,B,4 Vesta,target,fixed,+04:50:32.00,+15:11:06.8,2001/9/29,08:19.8,52181.58912,1.012,0.5,1,spex,0.5x15,Prism,2001B072,Kelley,,,,,,,,,,
spec0515.a.fits,A,4 Vesta,target,fixed,+04:50:32.02,+15:10:59.2,2001/9/29,08:26.7,52181.5892,1.011,0.5,1,spex,0.5x15,Prism,2001B072,Kelley,,,,,,,,,,
spec0516.a.fits,A,4 Vesta,target,fixed,+04:50:32.01,+15:10:59.3,2001/9/29,08:28.4,52181.58922,1.011,0.5,1,spex,0.5x15,Prism,2001B072,Kelley,,,,,,,,,,
spec0517.b.fits,B,4 Vesta,target,fixed,+04:50:32.00,+15:11:06.8,2001/9/29,08:35.5,52181.5893,1.011,0.5,1,spex,0.5x15,Prism,2001B072,Kelley,,,,,,,,,,
spec0518.b.fits,B,4 Vesta,target,fixed,+04:50:32.00,+15:11:06.7,2001/9/29,08:39.2,52181.58934,1.011,0.5,1,spex,0.5x15,Prism,2001B072,Kelley,,,,,,,,,,
spec0519.a.fits,A,4 Vesta,target,fixed,+04:50:32.00,+15:10:59.2,2001/9/29,08:46.1,52181.58942,1.011,0.5,1,spex,0.5x15,Prism,2001B072,Kelley,,,,,,,,,,
spec0520.a.fits,A,4 Vesta,target,fixed,+04:50:32.02,+15:10:59.3,2001/9/29,08:47.9,52181.58944,1.011,0.5,1,spex,0.5x15,Prism,2001B072,Kelley,,,,,,,,,,
spec0521.b.fits,B,4 Vesta,target,fixed,+04:50:31.99,+15:11:06.8,2001/9/29,08:54.7,52181.58952,1.011,0.5,1,spex,0.5x15,Prism,2001B072,Kelley,,,,,,,,,,
spec0522.b.fits,B,4 Vesta,target,fixed,+04:50:31.99,+15:11:06.8,2001/9/29,08:56.5,52181.58954,1.011,0.5,1,spex,0.5x15,Prism,2001B072,Kelley,,,,,,,,,,
spec0523.a.fits,A,4 Vesta,target,fixed,+04:50:32.02,+15:10:59.2,2001/9/29,09:03.3,52181.58962,1.011,0.5,1,spex,0.5x15,Prism,2001B072,Kelley,,,,,,,,,,
spec0524.a.fits,A,4 Vesta,target,fixed,+04:50:32.02,+15:10:59.2,2001/9/29,09:05.1,52181.58964,1.011,0.5,1,spex,0.5x15,Prism,2001B072,Kelley,,,,,,,,,,
spec0525.b.fits,B,4 Vesta,target,fixed,+04:50:32.00,+15:11:06.7,2001/9/29,09:11.9,52181.58972,1.011,0.5,1,spex,0.5x15,Prism,2001B072,Kelley,,,,,,,,,,
spec0526.b.fits,B,4 Vesta,target,fixed,+04:50:32.00,+15:11:06.7,2001/9/29,09:13.7,52181.58974,1.011,0.5,1,spex,0.5x15,Prism,2001B072,Kelley,,,,,,,,,,
spec0527.a.fits,A,4 Vesta,target,fixed,+04:50:32.02,+15:10:59.3,2001/9/29,09:20.5,52181.58982,1.011,0.5,1,spex,0.5x15,Prism,2001B072,Kelley,,,,,,,,,,
spec0528.a.fits,A,4 Vesta,target,fixed,+04:50:32.02,+15:10:59.3,2001/9/29,09:22.3,52181.58984,1.011,0.5,1,spex,0.5x15,Prism,2001B072,Kelley,,,,,,,,,,
spec0529.b.fits,B,4 Vesta,target,fixed,+04:50:32.00,+15:11:06.8,2001/9/29,09:29.1,52181.58992,1.011,0.5,1,spex,0.5x15,Prism,2001B072,Kelley,,,,,,,,,,
spec0530.b.fits,B,4 Vesta,target,fixed,+04:50:32.01,+15:11:06.8,2001/9/29,09:30.9,52181.58994,1.011,0.5,1,spex,0.5x15,Prism,2001B072,Kelley,,,,,,,,,,
spec0531.a.fits,A,4 Vesta,target,fixed,+04:50:32.02,+15:10:59.2,2001/9/29,09:37.8,52181.59002,1.011,0.5,1,spex,0.5x15,Prism,2001B072,Kelley,,,,,,,,,,
spec0532.a.fits,A,741 Botolphia,target,moving,+04:55:00.77,+14:55:56.4,2001/9/29,20:21.2,52181.59747,1.007,120,1,spex,0.5x15,Prism,2001B072,Kelley,,,,,,,,,,
spec0533.b.fits,B,741 Botolphia,target,moving,+04:55:00.78,+14:56:03.8,2001/9/29,22:44.1,52181.59912,1.007,120,1,spex,0.5x15,Prism,2001B072,Kelley,,,,,,,,,,
spec0534.b.fits,B,741 Botolphia,target,moving,+04:55:00.80,+14:56:03.6,2001/9/29,25:02.0,52181.60072,1.006,120,1,spex,0.5x15,Prism,2001B072,Kelley,,,,,,,,,,
spec0535.a.fits,A,741 Botolphia,target,moving,+04:55:00.85,+14:55:56.0,2001/9/29,27:24.9,52181.60237,1.005,120,1,spex,0.5x15,Prism,2001B072,Kelley,,,,,,,,,,
spec0536.a.fits,A,741 Botolphia,target,moving,+04:55:00.89,+14:55:55.9,2001/9/29,29:42.7,52181.60397,1.005,120,1,spex,0.5x15,Prism,2001B072,Kelley,,,,,,,,,,
spec0537.b.fits,B,741 Botolphia,target,moving,+04:55:00.92,+14:56:03.3,2001/9/29,32:05.6,52181.60562,1.004,120,1,spex,0.5x15,Prism,2001B072,Kelley,,,,,,,,,,
spec0538.a.fits,A,741 Botolphia,target,moving,+04:55:00.97,+14:55:55.7,2001/9/29,34:54.5,52181.60758,1.004,120,1,spex,0.5x15,Prism,2001B072,Kelley,,,,,,,,,,
spec0539.b.fits,B,741 Botolphia,target,moving,+04:55:01.01,+14:56:03.1,2001/9/29,37:17.4,52181.60923,1.004,120,1,spex,0.5x15,Prism,2001B072,Kelley,,,,,,,,,,
spec0540.a.fits,A,569 Misa,target,moving,+05:17:29.94,+24:37:45.9,2001/9/29,44:18.9,52181.61411,1.007,120,1,spex,0.5x15,Prism,2001B072,Kelley,,,,,,,,,,
spec0541.b.fits,B,569 Misa,target,moving,+05:17:30.02,+24:37:53.4,2001/9/29,46:41.8,52181.61576,1.006,120,1,spex,0.5x15,Prism,2001B072,Kelley,,,,,,,,,,
spec0542.b.fits,B,569 Misa,target,moving,+05:17:30.09,+24:37:53.4,2001/9/29,48:59.6,52181.61736,1.005,120,1,spex,0.5x15,Prism,2001B072,Kelley,,,,,,,,,,
spec0543.a.fits,A,569 Misa,target,moving,+05:17:30.24,+24:37:45.7,2001/9/29,51:22.5,52181.61901,1.005,120,1,spex,0.5x15,Prism,2001B072,Kelley,,,,,,,,,,
spec0544.a.fits,A,569 Misa,target,moving,+05:17:30.36,+24:37:45.7,2001/9/29,53:40.4,52181.62061,1.004,120,1,spex,0.5x15,Prism,2001B072,Kelley,,,,,,,,,,
spec0545.b.fits,B,569 Misa,target,moving,+05:17:30.43,+24:37:53.1,2001/9/29,56:03.3,52181.62226,1.004,120,1,spex,0.5x15,Prism,2001B072,Kelley,,,,,,,,,,
spec0546.a.fits,A,569 Misa,target,moving,+05:17:30.58,+24:37:45.6,2001/9/29,58:40.2,52181.62408,1.004,120,1,spex,0.5x15,Prism,2001B072,Kelley,,,,,,,,,,
spec0547.b.fits,B,569 Misa,target,moving,+05:17:30.67,+24:37:52.9,2001/9/29,01:03.0,52181.62573,1.004,120,1,spex,0.5x15,Prism,2001B072,Kelley,,,,,,,,,,
spec0548.a.fits,A,SAO93012,standard,fixed,+02:35:20.86,+13:08:33.7,2001/9/29,06:16.8,52181.62936,1.295,0.5,1,spex,0.5x15,Prism,2001B072,Kelley,HD  16084,G5,Star,9.46,8.23,7.853406,6.009,5.433,5.284,
spec0549.b.fits,B,SAO93012,standard,fixed,+02:35:20.87,+13:08:41.4,2001/9/29,06:23.7,52181.62944,1.296,0.5,1,spex,0.5x15,Prism,2001B072,Kelley,HD  16084,G5,Star,9.46,8.23,7.853406,6.009,5.433,5.284,
spec0550.b.fits,B,SAO93012,standard,fixed,+02:35:20.86,+13:08:41.3,2001/9/29,06:25.5,52181.62946,1.296,0.5,1,spex,0.5x15,Prism,2001B072,Kelley,HD  16084,G5,Star,9.46,8.23,7.853406,6.009,5.433,5.284,
spec0551.a.fits,A,SAO93012,standard,fixed,+02:35:20.86,+13:08:33.6,2001/9/29,06:32.3,52181.62954,1.297,0.5,1,spex,0.5x15,Prism,2001B072,Kelley,HD  16084,G5,Star,9.46,8.23,7.853406,6.009,5.433,5.284,
spec0552.a.fits,A,SAO93012,standard,fixed,+02:35:20.86,+13:08:33.6,2001/9/29,06:34.1,52181.62956,1.297,0.5,1,spex,0.5x15,Prism,2001B072,Kelley,HD  16084,G5,Star,9.46,8.23,7.853406,6.009,5.433,5.284,
spec0553.b.fits,B,SAO93012,standard,fixed,+02:35:20.87,+13:08:41.4,2001/9/29,06:41.0,52181.62964,1.297,0.5,1,spex,0.5x15,Prism,2001B072,Kelley,HD  16084,G5,Star,9.46,8.23,7.853406,6.009,5.433,5.284,
spec0554.b.fits,B,SAO93012,standard,fixed,+02:35:20.87,+13:08:41.3,2001/9/29,06:42.9,52181.62966,1.297,0.5,1,spex,0.5x15,Prism,2001B072,Kelley,HD  16084,G5,Star,9.46,8.23,7.853406,6.009,5.433,5.284,
spec0555.a.fits,A,SAO93012,standard,fixed,+02:35:20.87,+13:08:33.6,2001/9/29,06:49.8,52181.62974,1.297,0.5,1,spex,0.5x15,Prism,2001B072,Kelley,HD  16084,G5,Star,9.46,8.23,7.853406,6.009,5.433,5.284,
spec0556.a.fits,A,SAO93012,standard,fixed,+02:35:20.90,+13:08:33.7,2001/9/29,06:51.6,52181.62976,1.298,0.5,1,spex,0.5x15,Prism,2001B072,Kelley,HD  16084,G5,Star,9.46,8.23,7.853406,6.009,5.433,5.284,
spec0557.b.fits,B,SAO93012,standard,fixed,+02:35:20.90,+13:08:41.5,2001/9/29,06:58.4,52181.62984,1.298,0.5,1,spex,0.5x15,Prism,2001B072,Kelley,HD  16084,G5,Star,9.46,8.23,7.853406,6.009,5.433,5.284,
spec0558.a.fits,A,SAO93936 Hyades64,standard,fixed,+04:26:40.16,+16:44:49.1,2001/9/29,09:20.6,52181.63149,1.027,0.75,1,spex,0.5x15,Prism,2001B072,Kelley,HD  28099,G2+V,BYDraV*,8.78,8.12,7.950683,6.893,6.643,6.547,
spec0559.b.fits,B,SAO93936 Hyades64,standard,fixed,+04:26:40.16,+16:44:56.7,2001/9/29,09:28.0,52181.63157,1.028,0.75,1,spex,0.5x15,Prism,2001B072,Kelley,HD  28099,G2+V,BYDraV*,8.78,8.12,7.950683,6.893,6.643,6.547,
spec0560.b.fits,B,SAO93936 Hyades64,standard,fixed,+04:26:40.13,+16:44:56.6,2001/9/29,09:30.4,52181.6316,1.028,0.75,1,spex,0.5x15,Prism,2001B072,Kelley,HD  28099,G2+V,BYDraV*,8.78,8.12,7.950683,6.893,6.643,6.547,
spec0561.a.fits,A,SAO93936 Hyades64,standard,fixed,+04:26:40.13,+16:44:49.0,2001/9/29,09:37.7,52181.63169,1.028,0.75,1,spex,0.5x15,Prism,2001B072,Kelley,HD  28099,G2+V,BYDraV*,8.78,8.12,7.950683,6.893,6.643,6.547,
spec0562.a.fits,A,SAO93936 Hyades64,standard,fixed,+04:26:40.16,+16:44:49.1,2001/9/29,09:40.1,52181.63171,1.028,0.75,1,spex,0.5x15,Prism,2001B072,Kelley,HD  28099,G2+V,BYDraV*,8.78,8.12,7.950683,6.893,6.643,6.547,
spec0563.b.fits,B,SAO93936 Hyades64,standard,fixed,+04:26:40.16,+16:44:56.7,2001/9/29,09:47.5,52181.6318,1.028,0.75,1,spex,0.5x15,Prism,2001B072,Kelley,HD  28099,G2+V,BYDraV*,8.78,8.12,7.950683,6.893,6.643,6.547,
spec0564.b.fits,B,SAO93936 Hyades64,standard,fixed,+04:26:40.13,+16:44:56.6,2001/9/29,09:49.9,52181.63183,1.028,0.75,1,spex,0.5x15,Prism,2001B072,Kelley,HD  28099,G2+V,BYDraV*,8.78,8.12,7.950683,6.893,6.643,6.547,
spec0565.a.fits,A,SAO93936 Hyades64,standard,fixed,+04:26:40.14,+16:44:49.0,2001/9/29,09:57.3,52181.63191,1.028,0.75,1,spex,0.5x15,Prism,2001B072,Kelley,HD  28099,G2+V,BYDraV*,8.78,8.12,7.950683,6.893,6.643,6.547,
spec0566.a.fits,A,SAO93936 Hyades64,standard,fixed,+04:26:40.16,+16:44:49.1,2001/9/29,09:59.7,52181.63194,1.028,0.75,1,spex,0.5x15,Prism,2001B072,Kelley,HD  28099,G2+V,BYDraV*,8.78,8.12,7.950683,6.893,6.643,6.547,
spec0567.b.fits,B,SAO93936 Hyades64,standard,fixed,+04:26:40.15,+16:44:56.7,2001/9/29,10:07.1,52181.63203,1.028,0.75,1,spex,0.5x15,Prism,2001B072,Kelley,HD  28099,G2+V,BYDraV*,8.78,8.12,7.950683,6.893,6.643,6.547,
flat0568.a.fits,A,flat lamp,calibration,fixed,+04:26:40.17,+16:44:49.2,2001/9/29,10:51.9,52181.63255,1.029,1.05,12,spex,0.5x15,Prism,2001B072,Kelley,,,,,,,,,,
flat0569.a.fits,A,flat lamp,calibration,fixed,+04:26:40.17,+16:44:49.2,2001/9/29,11:18.7,52181.63286,1.03,1.05,12,spex,0.5x15,Prism,2001B072,Kelley,,,,,,,,,,
flat0570.a.fits,A,flat lamp,calibration,fixed,+04:26:40.17,+16:44:49.2,2001/9/29,11:45.0,52181.63316,1.03,1.05,12,spex,0.5x15,Prism,2001B072,Kelley,,,,,,,,,,
arc0571.a.fits,A,arc lamp,calibration,fixed,+04:26:40.19,+16:44:49.2,2001/9/29,12:17.4,52181.63353,1.03,0.18,10,spex,0.5x15,Prism,2001B072,Kelley,,,,,,,,,,
arc0572.a.fits,A,arc lamp,calibration,fixed,+04:26:40.19,+16:44:49.2,2001/9/29,12:21.9,52181.63359,1.031,0.18,10,spex,0.5x15,Prism,2001B072,Kelley,,,,,,,,,,
arc0573.a.fits,A,arc lamp,calibration,fixed,+04:26:40.19,+16:44:49.2,2001/9/29,12:26.4,52181.63364,1.031,0.18,10,spex,0.5x15,Prism,2001B072,Kelley,,,,,,,,,,
arc0574.a.fits,A,arc lamp,calibration,fixed,+04:26:40.18,+16:44:49.2,2001/9/29,12:31.0,52181.63369,1.031,0.18,10,spex,0.5x15,Prism,2001B072,Kelley,,,,,,,,,,
arc0575.a.fits,A,arc lamp,calibration,fixed,+04:26:40.19,+16:44:49.2,2001/9/29,12:35.5,52181.63374,1.031,0.18,10,spex,0.5x15,Prism,2001B072,Kelley,,,,,,,,,,
